detail,property_type_id,location_id,number_of_bed,price,rating_value,amount_of_answers,listing_id,host_id
Sky Haus - A-Frame Cabin,1,1,4 beds,306.0,4.85,531,1,
The Catskill A-Frame - Mid-Century Modern Cabin,2,2,4 beds,485.0,4.77,146,2,
The Triangle: A-Frame Cabin for your city retreat,2,3,4 beds,119.0,4.91,515,3,
*Summer Sizzle* 5 Min to Blue Ridge* Pets* Hot tub,3,4,5 beds,192.0,4.94,88,4,
Luxury Treehouse Couples Getaway w/ Peaceful Views,4,5,1 queen bed,232.0,4.99,222,5,
Casa Tiny near Casa Wabi,5,6,1 double bed,261.0,4.84,555,6,
The Beach House. Oceanfront & Sunrise Views!,3,7,2 queen beds,607.0,4.64,90,7,
• Cedar Peak • 2 Bedroom Barrier-Free Chalet,1,8,2 beds,381.0,5.0,48,8,
"Room in apartment, traditional neighborhood",6,9,2 beds,29.0,4.84,58,9,
Peacock Tiny House near Las Vegas,5,10,3 beds,154.0,4.92,744,10,
Hidden Valley’s Guest Suite - explore nature,7,11,2 beds,207.0,4.97,265,11,
Downey Family Cabin. Barrel Sauna Included!,2,12,2 king beds,162.0,4.99,226,12,
Dome in the Desert in Joshua Tree,8,13,1 king bed,268.0,4.94,944,13,
Private Barn Studio at Pura Vida Florida Farm,9,14,2 double beds,111.0,4.95,417,14,
Cozy Tiny House Cabin between Burlington and Stowe,5,15,2 queen beds,174.0,4.97,372,15,
Peace Cabin - private waterfront forest retreat,2,16,1 king bed,497.0,4.99,69,16,
14th Homestead Barn Loft,9,17,1 king bed,163.0,4.9,289,17,
"Lagoon Front Hut: Daily Cleaning, Bikes & Kayaks!",10,18,1 king bed,141.0,4.89,633,18,
The Forestry House - A modern luxury treehouse.,4,19,1 bed,282.0,,,19,
Underground Hobbit Hole @ Sustainable Ecovillage,11,20,1 bed,89.0,4.54,195,20,
Rainforest Tree House with Hot Springs,4,21,3 beds,132.0,4.84,763,21,
Tullihas in the Trees Off-Grid Treehouse,4,22,2 beds,143.0,4.98,181,22,
SECLUDED LAKESIDE CABIN,2,23,3 beds,463.0,4.99,172,23,
Fauria Colonial House (Room 3),6,24,1 bed,29.0,4.92,75,24,
Domeland: Off-grid Adobe Dome near Big Bend,8,25,5 beds,136.0,4.95,863,25,
Lake Sutherland Waterfront Cabin w/ Expansive Dock,3,26,1 king bed,688.0,4.82,83,26,
Luxury Tree House X Magical Romantic Forest! Pool!,4,27,1 king bed,658.0,4.91,142,27,
Scandinavian-Inspired Tiny Home Experience,12,28,2 beds,392.0,4.98,95,28,
Tiny House Cubo Nube Santa Elena 40 min. Medellin.,5,29,1 queen bed,67.0,4.95,197,29,
Chalet Boutique Saltamontes Santa Elena,2,29,2 beds,51.0,4.94,232,30,
Secluded View! A-Frame Hot Tub and Fire Pit,2,30,1 queen bed,354.0,4.95,20,31,
★ BubbleSky Glamping ★ One Night Under Stars ★3,13,31,2 king beds,107.0,4.9,154,32,
Cozy Oceanview Cabin,2,32,1 king bed,102.0,4.88,76,33,
Hut #1 Romantic Luxury Beachfront,14,33,2 beds,171.0,4.89,377,34,
Treehouse w/Breathtaking Views+HotTub+Hiking+Falls,4,34,1 queen bed,286.0,5.0,21,35,
“Whimsical Stone Abode” - Boston Magazine,8,35,1 queen bed,301.0,5.0,244,36,
Buddha Loft in Romantic Zone of Puerto Vallarta,15,36,1 bed,112.0,4.85,175,37,
The G Frame...an offGrid Cabin + woodstove sauna,2,37,2 king beds,169.0,4.96,395,38,
Casa Blanca B&B with beautiful terrace &sea views,6,24,2 king beds,43.0,4.82,359,39,
Walk to the Beach from this Ocean Front Home,3,38,9 beds,1463.0,4.94,149,40,
"Cozy Modern Beach House w/ Pool, Hot Tub & More!",12,39,2 queen beds,764.0,4.74,19,41,
"Crystal Cabin, Restored Vintage Lodge in Topanga State Park",2,40,1 double bed,225.0,4.94,209,42,
Casa Anís,1,41,3 beds,40.0,4.96,202,43,
Warm Pine A-frame Nestled In The Trees!,2,42,1 double bed,287.0,4.79,536,44,
Hambrook Point Cottage “Homestead”,12,43,3 beds,93.0,4.87,360,45,
O’s Barn Cabin,5,44,2 double beds,118.0,4.94,296,46,
"Artsy ""Glamping"" experience",5,45,3 beds,138.0,4.91,278,47,
"Seamist Beach Cottage, Private Beach & Ocean views",12,46,2 beds,670.0,4.7,256,48,
100+ Year old Rustic Log Cabin near Ghost Lake,2,47,1 sofa bed,135.0,4.83,459,49,
The Dragon + Private Island,16,48,1 queen bed,178.0,4.87,61,50,
"Private Cottage, enjoy beach, sunsets & fishing.",17,49,3 beds,218.0,4.89,314,51,
"Malibu, Carbon Beach - Suite Seven",15,50,2 queen beds,898.0,4.86,311,52,
Waterfront Cottage #1 /Waterfront cottage,12,51,2 queen beds,144.0,4.92,267,53,
Harrell’s Cabin,2,52,2 queen beds,125.0,4.82,612,54,
6 Ibuku Big Cabin by Lake Jacuzzi Kayak,2,53,7 beds,220.0,4.93,46,55,
The Brite House - Oceanfront Sojourn,7,54,3 beds,305.0,4.87,319,56,
♨ Cedar Coast Lodge - Coastal retreat w/ HOT TUB,3,55,5 beds,480.0,4.82,125,57,
"LUXURY 5★s ICON BRICKELL CONDO@47TH, GYM/POOL",10,56,2 beds,398.0,4.89,605,58,
Mansion in the Park - garden view queen en suite,6,57,3 queen beds,148.0,4.99,93,59,
Dome L'Albatros | Private Spa | BBQ Zone,8,58,6 beds,322.0,4.86,196,60,
The Majesta ! Incredible Sunset !,1,59,1 king bed,315.0,5.0,11,61,
"Heaven Lodge, entire house surrounded by nature",3,60,1 king bed,128.0,4.86,155,62,
☆King Bed Apartment☆ Suk-Ha ☆ La Veleta,10,60,4 beds,55.0,4.6,73,63,
Newly-Constructed Riverfront Chalet,1,61,2 beds,360.0,4.97,95,64,
"Yellowstone Luxury Tent; sleeps 3, 1 king +1 futon",18,62,2 queen beds,224.0,5.0,31,65,
A-Frame Apogee | Hot Tub · Epic Views · Swing Set,2,63,1 queen bed,227.0,4.96,166,66,
The Nest at Crash Boat. Only waterfront on Beach,3,64,3 beds,363.0,4.9,143,67,
Cozy Riverfront Cottage Retreat with Dock,12,65,1 bed,232.0,4.84,55,68,
The Ruby -A Rustic Red Ark tiny home,5,66,2 beds,81.0,4.98,43,69,
Romantic lakefront estate with lake view & deck,17,67,2 beds,271.0,5.0,311,70,
The Vermont Dream Cabin on 70 Acres,2,68,1 king bed,219.0,4.89,136,71,
Jungle Lodge at Nahouse in Tulum,2,60,1 king bed,109.0,,,72,
Cougar Dome at Winderdome Resort!,8,69,3 beds,335.0,5.0,16,73,
Cool Clean Condo with Brilliant Oceanfront View,15,70,2 beds,261.0,4.58,108,74,
Beachfront Laguna Beach Magnificent Oceanviews 26,19,71,2 queen beds,287.0,4.38,396,75,
"Su mejor opción en Playa del Carmen, a pasos de la quinta av.",10,72,2 beds,89.0,4.78,231,76,
Cozy Cabin #2 - private cabin in the wilderness!,5,73,2 beds,71.0,4.89,90,77,
Villa Vista Puerto,17,74,2 sofa beds,138.0,4.86,493,78,
Split View Two,5,75,1 double bed,134.0,4.95,81,79,
The Sugar Shack a unique cabin in the Rainforest,12,76,2 beds,75.0,4.92,447,80,
Noelani-My Perfect Stays Special: Jun 9-16 $189,15,77,1 king bed,302.0,4.82,71,81,
Amazing Hyde One-bedroom apartment on the Beach,15,78,2 beds,248.0,4.56,62,82,
East hill cabins #1,2,79,2 beds,91.0,4.82,334,83,
Sunset Wilderness Camp,20,80,1 bed,34.0,4.0,3,84,
Chateau Ridge Chalet w/ Mountain View,21,81,4 beds,154.0,4.84,95,85,
Cozy Blue Mountain Retreat @!@Spring Rates@!@,21,81,2 queen beds,118.0,4.72,365,86,
5 min to Airport with Terrace in a Safe area !,6,9,1 queen bed,31.0,4.85,227,87,
The Cabin at Fernwood Hills,5,82,1 king bed,112.0,4.9,597,88,
Hut #3 Romantic Luxury on the sand,13,83,2 beds,132.0,4.86,29,89,
State Park A-Frame with Hiking Trails & Arcade,3,84,2 beds,239.0,4.97,29,90,
Luxury Dome w/ Hot Tub & Mountain View,8,85,2 beds,291.0,5.0,11,91,
House with pool in the heights of Santa Teresa,3,86,3 beds,230.0,5.0,6,92,
Kapetsowa Container Loft near Monteverde Reserve,21,87,2 queen beds,159.0,4.87,396,93,
Cabin Over a water fall,22,88,1 bed,82.0,4.94,133,94,
Cozy Houseboat “Wild One”,23,89,2 beds,233.0,5.0,4,95,
Pipe’s Lodge,2,90,1 double bed,51.0,4.87,31,96,
New Carriage House * 1 Block to Beach * King Bed!,17,91,1 king bed,231.0,,,97,
Beachfront Bungalow with private hydromassage Pool,5,92,1 queen bed,162.0,4.95,149,98,
Bellingham A-Frame - Hot tub & Firepit,3,93,2 beds,232.0,,,99,
"Villa Bohème 3, 1BR with Patio",10,94,1 bed,115.0,,,100,
Loft Boutique Cd de México Mountain view 🏔,21,9,1 queen bed,57.0,4.84,155,101,
New lux cabin w/mount index view,2,95,2 beds,253.0,4.86,7,102,
Guesthouse Great Ocean & Mountain Views near Beach,3,50,1 queen bed,468.0,4.87,694,103,
The Little Tree House at Country Club of Orlando,5,96,1 queen bed,127.0,4.98,604,104,
Paradise awaits on this cozy houseboat!,23,97,1 king bed,276.0,4.77,98,105,
Hut #2 Romantic Luxury on the sand,14,98,2 beds,186.0,4.94,226,106,
Loft ALAMO /El Refugio Cabañas Mazamitla,21,99,2 king beds,58.0,4.44,146,107,
Pool View Beach Residence / Private Beach Access,10,83,1 queen bed,37.0,4.71,156,108,
Eagles Nest Treehouse w/Hot tub!,4,100,3 beds,244.0,,,109,
Modern Houseboat On the water,23,101,1 bed,173.0,4.97,264,110,
BoHo lofts & studios new modern w/ ocean-view pool,10,72,1 queen bed,38.0,4.59,183,111,
Oceanfront 14th Floor Brand New Beachfront Flat,15,102,2 beds,302.0,4.85,646,112,
Hobbithenge,24,103,1 double bed,142.0,4.83,304,113,
Beachfront Bungalow w/ private hydromassage pool 2,25,92,2 beds,147.0,4.9,68,114,
"Luxury Treehouse, Romantic, Views, Hike-Waterfall",2,34,1 bed,228.0,5.0,18,115,
Quiet and Private Retreat in a 1967 Airstream on the Coast.,26,104,2 beds,220.0,4.93,347,116,
Tiny Dome River Glamping Experience,8,105,1 queen bed,143.0,4.86,289,117,
New Boho Sabana Apartment Close to Airports w/ AC,10,106,1 bed,89.0,4.85,81,118,
Elegant Ocean Front Condo! Rosarito Beach !WOW!!,15,107,2 queen beds,171.0,4.81,245,119,
Highest Reviewed - Ocean Front + Free Parking!,15,108,2 queen beds,170.0,4.85,278,120,
The Dawn of Annapurna Cabin,2,109,1 queen bed,61.0,4.87,188,121,
"Cabo Center,Ocean view Great price!",3,110,1 king bed,55.0,4.94,615,122,
nortehaus - Nordic and Japanese inspired escape,3,111,2 queen beds,402.0,5.0,24,123,
Architect's Loft in Cholula,21,112,1 queen bed,32.0,4.81,202,124,
Jungle house 3km to Jaco beach & town center,2,113,2 queen beds,76.0,4.84,153,125,
"Malibu Charming GH, Mins Drive to Beach & Hike",5,50,1 queen bed,332.0,4.78,558,126,
Studio near Disney,10,96,1 king bed,80.0,4.43,132,127,
Charming Treehouse with Pool,4,114,1 bed,217.0,5.0,172,128,
Oceanfront loft,21,115,2 beds,100.0,4.92,177,129,
Majestic Ocean Front Terrace II,10,116,2 queen beds,57.0,4.83,240,130,
New! Bamboo Bosque Mio (Stars & Campfires),3,117,3 beds,113.0,4.82,56,131,
"Cabin for 2 w/ Hot Tub, Muskoka Romantic Getaway",12,11,1 queen bed,335.0,4.97,179,132,
Old Havana+Cuban Style Place+Roof Top+WiFi,10,24,1 king bed,57.0,4.48,161,133,
"Heated Pool, Putt Putt Golf",3,14,5 beds,468.0,4.93,15,134,
Guest Suite in Historic Architecture Home,6,118,2 queen beds,55.0,4.82,443,135,
$87 a night Molokai Escape Condo,15,119,1 double bed,101.0,4.76,337,136,
Treehouse on a Coffee Farm with Ocean View,4,120,1 king bed,74.0,5.0,13,137,
Design Casa Patchouli with private pool and lounge,10,60,1 double bed,283.0,4.98,80,138,
Pequeño espacio Romántico piscina y muelle privado,25,121,1 bed,220.0,4.95,139,139,
Haven in the Woods- tiny home WiFi & solar power,5,67,1 king bed,76.0,5.0,4,140,
Mimosa Y - Beautiful Unique Container Home w' Pool,25,122,1 king bed,90.0,4.85,54,141,
COMFORTABLE BEACH DEPA OVERLOOKING THE SEA,10,123,1 bed,42.0,4.57,226,142,
Waterfront Glamping Muddy Creek PA,27,124,1 king bed,102.0,4.95,22,143,
2 Pools on property | Walk to the beach | Rosalina Ocean Park | Luxury Suite 3,28,94,2 queen beds,164.0,4.81,212,144,
Love nest when singing of the Sea!,6,123,9 beds,41.0,4.68,266,145,
Casa La Paz vistas al mar @ Pinilla Highlands,3,125,1 bed,146.0,4.86,7,146,
Lovely farm cabin experience,11,126,2 beds,114.0,5.0,5,147,
Pine River Bunkies: Heron’s Landing Off Grid Cabin,5,127,2 beds,120.0,4.89,103,148,
The Alpine Airstream at Mt. Rainier with Hot Tub,26,128,1 queen bed,286.0,5.0,11,149,
"Surf, Sand & Sunsets - Goldenrod CdM BEACH STUDIO",29,129,3 beds,229.0,4.8,289,150,
Refugio LOS PAPIROS,14,130,3 beds,18.0,4.89,66,151,
Beach crab.,6,123,3 beds,43.0,4.74,270,152,
Fire & Water | Rejuvenating Stay on the Riverbend,2,131,1 double bed,743.0,4.83,175,153,
Black rose -Right house-,3,132,1 queen bed,243.0,4.63,275,154,
"Casa El Paraiso, Las Galeras (room #5)",22,133,3 beds,286.0,4.94,270,155,
Holistic House Diamond,6,87,3 beds,160.0,4.96,274,156,
"Malibu Serene Guest House, Mins to Beach & Hike",5,50,3 beds,252.0,4.77,298,157,
Free Transportation / Premium Beach Loft 1711th,10,116,3 beds,138.0,5.0,15,158,
Cozy cabin on 5 acres !,2,134,2 beds,86.0,4.73,124,159,
OceanfrontStudio-Slps4-Pool-Pickleball-HBOMax-Dis+,15,135,2 beds,291.0,4.94,80,160,
Amazing Ocean Front II,10,116,1 queen bed,45.0,4.88,306,161,
LUXE & STYLISH/3BR/LAS OLAS CONDO/12TH FLR/ROSARITO,15,107,4 beds,173.0,4.8,207,162,
"Lovely Private Room-Manhattan, 70s-Upper East Side",6,136,1 bed,103.0,4.93,30,163,
1 BD PRIVATE HOUSEBOAT/ COTTAGE TARPON,12,137,1 queen bed,229.0,4.85,74,164,
“What a wonderful world” - Modern Farmhouse,10,138,1 queen bed,165.0,4.87,478,165,
Glass Roof House #2 at Glass 20.87,12,139,2 queen beds,221.0,4.93,68,166,
"Modern Cabin On Pond, AC & Porch",2,140,1 king bed,231.0,,,167,
Romantic Ocean Penthouse w/ panoramic marina views,10,141,1 bed,247.0,4.77,111,168,
Posada Sarita,30,142,3 beds,50.0,4.56,176,169,
"Beach Bungalow on the Sand, Steps to the Ocean",12,143,2 beds,483.0,4.93,213,170,
Historic Venice Apt 1/2 blocks to beach+parking,10,144,2 beds,185.0,4.94,431,171,
Amazing Modern Home with Pool and Hot Tub!,3,145,2 beds,167.0,4.84,136,172,
"Malibu, Carbon Beach - Suite Three",15,50,3 beds,649.0,4.8,425,173,
Cozy Farm Stay Getaway,11,146,2 queen beds,99.0,4.86,183,174,
UpStream (Waterfront Cabin With Wood Stove & WiFi),5,147,1 bed,97.0,4.87,101,175,
M6. Alojamiento ideal para explorar Tepoztlán,13,142,1 bed,40.0,4.86,28,176,
Scenic Solitude-Amazing Mountain views on 5 acres,2,148,2 beds,302.0,5.0,44,177,
“Playa Luna”- Breathtaking Ocean and City Views,15,76,1 bed,138.0,4.88,159,178,
"Peace, Beauty & Ocean View, Malibu",6,50,1 king bed,189.0,4.95,1014,179,
Lount Treetop Rentals - Unit 2,4,149,1 bed,135.0,4.97,173,180,
Beach Front Condo In Casa Del Mar,10,150,2 beds,205.0,4.72,389,181,
Laguna Beach Studio Oceanviews 49,10,71,2 beds,148.0,4.36,273,182,
Charming Beach Condo in Bavaro Top Location,10,83,1 queen bed,57.0,4.76,200,183,
400+ Airbnb Visits: Incredible Mountain Cabin,2,151,2 double beds,137.0,4.85,325,184,
the legendary wildwood cabins ~ CABIN 2,2,152,2 double beds,126.0,4.99,742,185,
Oceanfront Laguna Beach Amazing Views 28,19,71,2 double beds,276.0,4.63,390,186,
Lake Sports Home & Super water sports!,13,153,3 beds,154.0,5.0,18,187,
Waterfront Sea Cottage,17,154,1 queen bed,82.0,4.8,276,188,
Cedar Springs Cabin - A Cozy Hideaway in the Woods,2,155,2 beds,346.0,4.97,76,189,
Beachfront at its finest @ San Jose del Cabo! 🤩🏄🏼‍♂️🏖,10,156,1 bed,78.0,4.75,186,190,
Tiny Beach front house,2,122,2 beds,89.0,4.73,140,191,
Coyote's Den at The Howling Woods,5,157,2 single beds,123.0,4.87,303,192,
"Near Ocean, BBQ, Dog OK, Cute Manzanita Beach",3,158,2 queen beds,147.0,,,193,
Stunning house on lake Ontario,3,159,2 beds,210.0,4.9,192,194,
"Oceanfront Lookout Point w/two Kayaks,Beach & Dock",5,49,1 queen bed,254.0,4.86,90,195,
Saint Tropez Boutique Hotel,30,160,1 king bed,125.0,4.78,74,196,
the legendary wildwood cabins ~ CABIN 4,2,152,1 queen bed,173.0,4.98,678,197,
1-Private room/bbq/patio. 2 full bed 1 couch bed.,6,89,2 beds,258.0,4.83,40,198,
Beautiful corner unit condo right on the beach!,15,161,2 sofa beds,298.0,4.97,73,199,
House Boat Sunset Bay Marina Stuart Fl,23,101,2 beds,127.0,4.92,279,200,
Surf Shack Guiones - perfect beach location,10,162,2 beds,130.0,4.82,278,201,
Glamping Cabin at Balderson Blueberries,14,163,1 queen bed,80.0,4.89,76,202,
Bamboo Cottage in Aptos Mountain Retreat & Spa,5,164,1 queen bed,130.0,4.78,257,203,
The Ohana,17,165,1 queen bed,99.0,4.86,182,204,
23FL Skyline King Studio w/Ocean & City Views.,15,166,2 beds,221.0,4.95,41,205,
Room 2 Queen beds- Buffet Breakfast-Steps to beach,28,102,2 beds,116.0,4.38,156,206,
"Luxury Condo in Hotel, amenities Downtown/Brickell",15,56,2 sofa beds,219.0,4.94,72,207,
Enchanting Tiny Home 1 KM from downtown Sackville,5,167,1 queen bed,117.0,4.86,64,208,
Isla Verde Beach Studio {105},10,168,2 queen beds,97.0,4.67,433,209,
Beachfront Condo Now Available! Sleeps 4 + Parking,15,108,2 beds,133.0,4.51,88,210,
CASA BADAWI in 400m Tropical Garden. Optical Fiber,29,122,2 beds,72.0,4.96,108,211,
Beachside Apartment with Pool,10,169,2 beds,117.0,4.84,270,212,
Oceanfront 16th Floor Brand New Beachfront Flat,15,102,1 bed,302.0,4.83,683,213,
"House1 private swming pool, BBQ ranch, wifi 200mb",1,170,4 beds,43.0,4.83,108,214,
"LOVELY ROOM, WALK TO BEACH, GORGEOUS DECK",6,171,2 queen beds,146.0,4.88,256,215,
Beachfront Escape Unit #1 at Beachcomber Cottages,10,172,2 beds,212.0,4.54,151,216,
CDM-Beach living @ Condado with pool and parking!,15,94,2 king beds,144.0,4.84,141,217,
AHHH-MAZING VIEWS! Beach Front Apt.,15,76,2 beds,121.0,4.88,490,218,
"Tropical Island Escape w/ Deck, Walk to Avalon Bay",3,173,1 queen bed,336.0,4.34,80,219,
"The Thimbleberry MicroCabin near lake, hot tub use",2,174,1 queen bed,108.0,4.97,146,220,
Private room/bathroom in modern house with Pool,6,56,1 queen bed,128.0,4.83,181,221,
"Modern 1/1, Half a Block from The Ocean",10,102,2 beds,140.0,4.75,308,222,
Satori Suite (The Bamboo House),6,175,2 double beds,199.0,4.91,292,223,
Cancun Suites (Standard Room),10,116,3 beds,81.0,4.47,192,224,
Tropicana Suite-Grand Manor Luxury Mansion Loft,6,150,1 king bed,92.0,4.86,494,225,
Disney/Universal Home Away from Home!,6,176,1 king bed,162.0,4.95,221,226,
Pink Galaxy | Private Observatory · Hot Tub · Pool,31,177,1 queen bed,283.0,5.0,9,227,
Camera argento in tipica casa coloniale,6,24,3 beds,42.0,4.81,168,228,
"GARDEN ROOM, private bathroom, separate entrance",6,178,2 beds,184.0,4.96,284,229,
"Tree House - Beach Area, KS bed, 3 PPL",4,179,1 double bed,157.0,4.75,165,230,
It Hotel & Residences - Studio Rental in PDC,10,72,1 double bed,75.0,4.79,253,231,
"Cozy & Neat hotel room 2pax ocean view WiFi,Pool",30,180,1 double bed,115.0,4.52,92,232,
Meteora Stay & Coffehouse Tulum - Deluxe Queen,32,60,1 double bed,59.0,4.74,105,233,
Movie Theater + Kid Friendly | Book the Dome!,3,181,1 double bed,200.0,4.97,64,234,
My Adirondack Home - Very Scenic,6,182,1 double bed,107.0,4.96,520,235,
New 16th Floor Beachfront 180º Oceanview Apartment,15,102,1 double bed,302.0,4.87,659,236,
Camilo's Luxury Shared Townhouse,6,116,1 double bed,81.0,4.87,301,237,
"Surf, family & friends! Tropical Room in downtown",6,116,1 double bed,51.0,4.95,86,238,
1208 Beach property part ocean & pool view,10,116,1 double bed,79.0,4.64,148,239,
Amazing panoramic tree house Norway,4,183,1 double bed,285.0,4.86,410,240,
Beachfront Cottage on the Lake,3,184,4 beds,140.0,4.72,25,241,
Off-Grid vineyard and olive orchard home.,11,185,3 beds,144.0,5.0,9,242,
Mirror House Iceland,2,186,1 bed,735.0,,,243,
"R.I.P. by ŘÍP - 
Rest In Pod by ŘÍP",13,187,1 sofa bed,78.0,4.92,36,244,
LOVE Attic,15,188,2 beds,209.0,4.85,178,245,
Natural show in Cabaña Alcazaba,2,189,4 double beds,111.0,4.86,568,246,
MU_Moradas no Ulla 6. Cabañas de Compostela.,2,190,1 queen bed,112.0,4.96,89,247,
Unik Hobbit Cabin,13,191,2 beds,221.0,4.84,239,248,
Simple guesthouse on a farm. Double bed and sofa bed. Free Wi-Fi and parking. WC and living room/kitchenette in separate building,11,192,2 beds,73.0,4.89,18,249,
"Boat in Orlik, you want it!",16,193,4 sofa beds,78.0,4.31,29,250,
Forest cabin,2,194,1 double bed,80.0,4.84,212,251,
Amonde Village - Casa P * Comfort & Quality,3,195,3 beds,168.0,4.98,51,252,
Tower house Gombola,33,196,3 beds,166.0,4.87,45,253,
hut in the mid. of nowhere + priv pond+3 ha,2,197,2 beds,181.0,4.79,396,254,
The Water Tower at Long Meadow Farm,3,198,2 double beds,246.0,4.85,181,255,
Alte Wassermühle Friedrichshausen - Eulenstube,6,199,3 beds,55.0,4.96,25,256,
Vovady Farm : Roulotte Bohème,11,200,3 beds,82.0,4.85,34,257,
Biron aux Puces de Saint Vincent Market,6,201,2 double beds,95.0,4.9,61,258,
Cabin on the countryside close to the small city.,2,202,5 beds,111.0,4.71,51,259,
La Barona Chalet,2,203,1 bed,223.0,4.99,240,260,
"""Lieblingsplatz"" shepherd's hut",34,204,2 beds,55.0,4.96,24,261,
Rectory Farm Hideaway,14,205,2 double beds,178.0,4.93,535,262,
The Black Shack @ Bancran School,5,206,3 beds,169.0,4.97,304,263,
Apartment Caribe - PlusHolidays,10,207,2 double beds,80.0,3.67,3,264,
Anty's Pond: Davy Crockett's Hut,34,208,2 double beds,93.0,4.87,150,265,
Biarritz Grande Plage 25m2 with Balcony,10,209,2 beds,176.0,4.91,316,266,
TRULLO ISABELLA,35,210,4 beds,158.0,4.98,95,267,
Secluded Hand crafted log cabin,11,211,1 bed,139.0,5.0,68,268,
Stargazer Cabin - Monmouth Walking Distance Town,2,212,1 sofa bed,240.0,4.9,287,269,
"Baita Vrei (2)""Titta"" - Hut Lago Maggiore",3,213,2 beds,61.0,4.84,63,270,
Tranquil retreat with fantastic countryside views,5,214,2 beds,115.0,4.92,227,271,
Romantic and one-of-a-kind Beachouse,31,215,4 beds,183.0,4.88,48,272,
Ilaira Apartments,15,216,1 double bed,86.0,4.86,38,273,
Central 1bedroom apt by the sea,10,217,2 beds,61.0,4.76,214,274,
Cosy Romantic Cabin with Wood Burning Stove.,5,218,2 beds,107.0,4.96,274,275,
Historic residence surrounded by olive trees,11,219,2 beds,75.0,4.98,46,276,
Wonderful Old Cabin on Rare Natural Site,2,220,1 queen bed,147.0,4.93,151,277,
"Stay in the castle, with family or friends",36,221,4 beds,92.0,4.94,169,278,
XS Village - Arrifana Suite (private bathroom),6,222,2 beds,100.0,4.96,25,279,
The Loft at the Bonnington Farm,9,223,1 bed,135.0,4.89,423,280,
KALEİÇİ BACCHUS OTEL DENİZ MANZARALI TATİL 501,19,224,1 bed,83.0,4.73,230,281,
strawbale roundhouse for vegetarian,24,225,2 beds,108.0,4.9,297,282,
Wohnung Ruth Herrenhaus Viecheln Anno 1869,6,226,2 beds,121.0,4.97,34,283,
Swiss Tiny Chalet,5,227,4 single beds,109.0,4.8,157,284,
The Napoleonic period chalet in the High Jura,1,228,1 queen bed,105.0,4.98,190,285,
"Moulin de Boiscorde, ideal for couples and families",3,229,3 beds,128.0,4.9,41,286,
Rural Tuscany | Wine farm with pool | Terrarossa,11,230,5 beds,148.0,4.33,6,287,
Magical Trullo in Ostuni Cis BR0740129000012213,35,210,1 sofa bed,105.0,4.87,87,288,
Gruszkówka 1 Cottage (7 km from Białka ),2,231,1 bed,96.0,4.98,86,289,
Woodland Stargazing Cabin,34,232,1 bed,133.0,4.83,174,290,
Room available in Greater London suburb home,6,233,1 bed,43.0,4.98,94,291,
Casa Tua,10,234,1 bed,142.0,4.66,68,292,
CABIN X GPF,11,235,1 bed,225.0,4.99,239,293,
Alhambra Trails 2,6,236,2 beds,94.0,4.78,36,294,
""" La cabane du Gozzi""",1,237,2 beds,85.0,4.79,346,295,
FLH Ericeira Ocean Flat,10,238,3 beds,216.0,4.45,187,296,
manoir 19 ème siècle LE COUTUREAU isaline,6,239,1 bed,135.0,5.0,11,297,
Guesthouse an der Vechte,17,240,2 beds,50.0,4.94,104,298,
L & C Deluxe Apartment - luxury and comfort,15,241,1 double bed,136.0,5.0,45,299,
Country House,6,242,3 beds,69.0,4.94,84,300,
Luxury Triple cave room,37,243,4 beds,129.0,4.72,32,301,
Rural Retreat on the Ashdown Forest,9,244,1 double bed,184.0,4.96,114,302,
Magazine - Oskar Schwebel -,36,245,4 single beds,136.0,4.66,277,303,
CasasdoCasinhotoD-Rustic House (pool; river view),3,246,1 double bed,131.0,4.81,43,304,
Elegant Little Wyvis Lodge - Sleeps 2,22,247,3 beds,159.0,4.96,95,305,
Rural Aledo - El Estrecho,2,248,4 beds,76.0,4.78,24,306,
Nasos' Treehouse,4,249,2 single beds,98.0,4.81,98,307,
FredrikLars farm at Nordmarksberg Manor,2,250,2 single beds,44.0,4.98,46,308,
"La Tana del Lupo B&B, family and outdoor sports",6,251,2 single beds,73.0,4.99,121,309,
The Llama Lodge - a Log Cabin on a Llama Farm,2,252,2 single beds,205.0,4.92,60,310,
"Quaint ""Petra Lustig"" construction car",26,253,2 single beds,48.0,,,311,
The North Windmill ⚓ Unique House with View,38,254,4 beds,184.0,4.98,46,312,
Bumble Bee Cottage,12,255,4 beds,141.0,4.93,410,313,
Gorgeous yurt in amazing mountain/forest location,27,256,1 bed,107.0,4.91,339,314,
"Diamond Home 1, romantic gem, 20 min to Acropolis",10,257,4 beds,112.0,4.79,217,315,
TrulLetto,35,258,3 beds,114.0,4.85,52,316,
"Tyga Gård, probably most beautiful on Bjäre",2,259,1 queen bed,94.0,4.9,43,317,
Silk Trulli,3,260,1 queen bed,86.0,4.52,21,318,
The Olive Tree Court,35,261,1 queen bed,92.0,4.85,143,319,
LaCorte CAMERA BLU NEAR FERRARI WITH PRIVATE PARK,6,262,1 queen bed,73.0,,,320,
Friedrichshain Beautiful Sunny Room with Balcony,6,263,2 beds,135.0,5.0,6,321,
Cozy en-suite double room in S. Peter's / Borgo,6,264,1 king bed,60.0,4.88,331,322,
Star Night Room - Van Gogh Hills B&B,6,265,3 beds,68.0,4.91,23,323,
La Petite Chaumière,3,266,1 double bed,85.0,4.79,39,324,
Green - Lawns in Tuscany,11,267,3 double beds,91.0,4.97,145,325,
Casa Cerbaia | Betulla,11,268,4 double beds,86.0,4.95,19,326,
"Sommerfjøset on Hovelsrud, Helgøya",9,269,2 beds,328.0,4.96,136,327,
Cozy cottage in Torsåker (Hofors),2,270,4 single beds,75.0,4.83,254,328,
Nice place for your stay in Paris,6,271,1 sofa bed,86.0,4.96,319,329,
"Peaceful, wooden garden cabin",2,272,1 sofa bed,93.0,4.91,255,330,
Rural farm-Spacious triple bedroom with en suite,13,273,1 sofa bed,71.0,4.92,113,331,
Private room in the heart of nature,6,274,1 sofa bed,42.0,4.96,114,332,
Xavier House,6,264,1 sofa bed,43.0,4.89,184,333,
"Akti Karras, Plaka Naxos (up to 2 guests)",10,275,1 sofa bed,55.0,4.91,23,334,
Studio lookout,15,276,1 sofa bed,31.0,4.45,240,335,
Bavarian room in the Dolomites,6,277,1 sofa bed,84.0,4.8,5,336,
Cosy interesting loam house,6,278,1 sofa bed,78.0,5.0,10,337,
Nice room in duplex + terrace near BCN,6,279,1 sofa bed,55.0,4.89,128,338,
Lost Paradise - A night into the Alentejo!,18,280,5 double beds,85.0,4.95,39,339,
Cabin in the wild,13,281,2 queen beds,95.0,4.98,46,340,
Amazing shipping container house + sea views+ WIFI,25,282,1 bed,164.0,4.91,43,341,
"Countryside Sleeps, Bakery, Homestay",14,283,1 double bed,73.0,4.95,385,342,
Kimiro Hotel Tsilivi,6,284,1 double bed,97.0,4.91,43,343,
Studio apartment with AC - Suite 3,10,285,3 beds,34.0,5.0,3,344,
Sicilian Mountain Oasis - Entire Villa (Smart W.),12,286,2 double beds,100.0,4.94,325,345,
İzmir Bungalow. ( Urla treehouse 1),29,287,1 bed,74.0,4.82,223,346,
The Folly - Cornwall,17,288,1 bed,111.0,5.0,11,347,
Echoes Exclusive Suite,10,289,2 beds,526.0,4.98,40,348,
Delightfull Dome with Hot tub & sauna on the beach,8,290,1 king bed,319.0,4.98,52,349,
Romantic Ocean View Couples Retreat Cornwall,2,291,2 beds,357.0,5.0,61,350,
THE AQUARIUM … waterfront 🧜🏾‍♂️,7,292,3 beds,61.0,4.72,103,351,
Gäststuga Knorrasjön,17,293,2 double beds,95.0,,,352,
Villa Laurito,3,294,1 double bed,185.0,4.88,66,353,
"""La Parra"", rural tourism. Your home in paradise.",12,295,1 bed,67.0,4.99,335,354,
Hascherle Hitt,5,296,2 beds,86.0,5.0,57,355,
Villa Trouz Ar Mor,3,297,2 beds,135.0,4.85,13,356,
Peaceful Country Treehouse Nr Penzance & St Ives,4,298,1 double bed,294.0,4.95,292,357,
Cabaña ecológica de madera en la naturaleza,2,299,3 beds,80.0,4.79,14,358,
Gallas Pod House,5,300,2 beds,57.0,5.0,25,359,
Waterfront #41Design - CozyCityCenter Flat,10,301,2 beds,70.0,4.84,546,360,
"Treehouse Izmir 
View all our houses please ..",4,302,3 double beds,40.0,4.9,394,361,
Kaktus Suites Fethiye - City Bungalow 2 w/pool,29,303,1 double bed,69.0,4.87,53,362,
Yurt op Off-Grid Homestead,27,304,1 bed,49.0,4.92,38,363,
Cabin into the wild,2,305,1 queen bed,77.0,4.67,282,364,
💎Boka Bay view apartment.💎,10,306,3 beds,93.0,4.69,218,365,
Seaside & Garden Single family home,3,307,2 beds,104.0,4.94,33,366,
Del Sol. Studio across the sea 1.,3,308,2 beds,61.0,,,367,
"16th Century Scottish Borders Tower, by Earlston",13,309,3 queen beds,252.0,4.96,464,368,
Porto Bello Lux ( Sea View & Swimming Pool),21,310,4 beds,58.0,4.9,110,369,
"Spectacular view of Supertubos beach, Peniche",3,311,3 beds,126.0,4.82,34,370,
1A chalet resting crickets + hiking with indoor sauna,3,312,3 beds,123.0,4.67,110,371,
Beachfront apartment with perfect seaview,38,313,4 beds,231.0,4.85,204,372,
2 Cabins perched above a pond!,4,314,4 double beds,98.0,4.91,68,373,
Casale La Quercia - Tuscany country house,3,315,2 beds,111.0,4.94,530,374,
"A Boscastle barn, rustic simplicity stunning views",12,316,1 king bed,141.0,5.0,9,375,
House with breathtaking views!,2,317,3 beds,222.0,4.97,104,376,
La Casita de Las Negras,3,318,4 beds,370.0,4.85,26,377,
King's Windmill - A little house in the woods,2,319,2 beds,111.0,4.54,201,378,
Q3 BNB Premium Residence - The Engineering Tower,39,320,1 bed,147.0,4.8,10,379,
"The Haven Hut, warm, cosy and cute.",2,321,1 sofa bed,64.0,4.67,9,380,
Washitsu.Casa camper Parking place w/house access,20,322,1 bed,16.0,,,381,
Ben's hat,34,323,2 beds,82.0,4.92,356,382,
Central luxury /Hauptbahnhof,6,324,3 beds,92.0,5.0,9,383,
Delightful rustic treehouse,4,325,1 bed,42.0,4.67,9,384,
Apartment-Mansarda Vista Castello,15,326,4 beds,61.0,5.0,8,385,
Bettyjems Stage Refuge,3,327,4 beds,20.0,,,386,
Mountain hut in the Elbe sandstone with log cabin sauna,2,328,4 beds,98.0,4.78,169,387,
"Shepherd's hut ""Wolkakkrazer"" near Wolfegg",14,329,1 queen bed,57.0,4.88,220,388,
Private domed Copula @ Free Spirit horse refuge,8,330,3 beds,63.0,4.61,154,389,
Levanda Home,3,331,2 beds,73.0,4.91,147,390,
Face à la mer Brestoise,10,332,3 beds,87.0,,,391,
DEEP OCEAN BUNGALOWS-PANORAMIC &DOUBLE &HALF BOARD,22,303,1 queen bed,115.0,4.91,75,392,
Xitaca do Pula,1,333,2 king beds,78.0,4.95,203,393,
Infinity Abram,10,334,1 double bed,61.0,4.57,44,394,
King bedroom in historic house with garden access,6,335,2 beds,92.0,4.96,24,395,
The Loggia,38,336,1 double bed,169.0,4.85,61,396,
Ca' Roncate,3,337,1 double bed,127.0,4.9,378,397,
Trailer Paradise Ivonete _unwind,26,338,3 beds,46.0,4.97,71,398,
"Views to the valley, Wi-Fi, Air-Con, terrace,",3,339,2 beds,79.0,4.88,140,399,
Casa del Mago - Castelmezzano,3,340,3 beds,93.0,4.78,100,400,
Moinho do Sr. Arnaldo - Big Windmill at Peniche,40,311,1 queen bed,196.0,4.85,13,401,
canopy house,24,341,4 beds,81.0,4.81,212,402,
Panucci's house- halfway between the sea and mountain,3,342,2 double beds,25.0,4.98,245,403,
Peacock House,12,343,2 double beds,80.0,,,404,
"Aura House 2bds Eco Bamboo House, Pool, River View",31,344,2 double beds,513.0,4.87,209,405,
BALIAN TREEHOUSE w beautiful pool,14,345,1 king bed,117.0,4.85,287,406,
Bali Bamboo House | Rescape Ubud - Relief Villa,14,346,1 bed,171.0,4.79,164,407,
❣️Romantic Staycation-PrivateSunset Pool@megananda,31,346,1 king bed,111.0,4.92,388,408,
Dome - Bamboo Villa in Eco Six Bali,2,347,1 king bed,420.0,4.87,85,409,
Treehouse De Valentine,4,348,5 beds,255.0,4.91,147,410,
Luxury 5 BDR Resort w/ Gym & Ricefield View,31,347,5 beds,506.0,4.78,101,411,
"Exclusive Private Island + Brother Island, El Nido",41,349,11 beds,469.0,4.82,131,412,
15min walk to MRT Private room for 3 Free Brekkie.,6,350,3 double beds,31.0,4.9,255,413,
Elegant & luxurious 3 BR villa rice-fields pano,31,351,4 beds,322.0,4.65,94,414,
Exclusive Beach Villa - Balian Beach,31,352,4 beds,240.0,4.8,105,415,
"180° VIEW, PRIVATE POOL VILLA..",31,353,1 bed,206.0,4.93,355,416,
White Breeze Pool 1BD Apartment,10,354,1 queen bed,64.0,4.69,112,417,
Beautiful villa on the edge of BLUE LAGOON,31,355,1 bed,264.0,4.83,1239,418,
Intimate Private Pool Villas in Ubud center,31,351,1 double bed,209.0,4.89,223,419,
50% OFF | Ipian Cinta with Private Pool jacuzzi,14,351,1 double bed,142.0,4.62,118,420,
Love Nest for honeymooner at best location,31,356,1 bunk bed,251.0,4.98,87,421,
Leafy Greens Chiangmai : Mushroom M2,24,357,1 bunk bed,22.0,4.87,210,422,
❣️Secluded Getaway Staycation+SunsetPool@megananda,31,358,1 king bed,111.0,4.89,364,423,
#3# Beautiful Balinese Villa with Private Pool,31,359,1 queen bed,137.0,4.91,434,424,
"Palma Villa, Spectacular Sea View Villa with Pool",31,360,2 beds,238.0,5.0,13,425,
Luxurious Private Pool Villa with Garden North of Ubud,31,361,2 beds,126.0,4.92,166,426,
Tiny Tall Haus Ubud Getaway!,5,351,1 queen bed,95.0,4.87,104,427,
Pondok Prapen -Ubud Center Private Pool Villa,29,346,3 beds,217.0,4.89,333,428,
Beetle - Bamboo Villa in Eco Six Bali Resort,31,347,2 king beds,458.0,4.82,82,429,
the naked house,3,362,7 beds,205.0,4.88,183,430,
"""Villa Sauvage 2 br"" - a magic horizon of coziness",31,363,2 double beds,122.0,4.57,115,431,
Bathing Private Exclusive Cottage,3,364,6 beds,183.0,4.91,181,432,
Zen Hideaway #3 - ultimate Wabi-sabi experiences,14,344,2 king beds,235.0,4.8,372,433,
"Explore, Experience, Enjoy T-HOUSE Lakestaycation!",5,365,2 queen beds,39.0,4.43,160,434,
Hidden Bamboo Bali,14,347,1 king bed,136.0,4.91,161,435,
Poolside room in large villa. 5 minutes to beach.,6,366,1 king bed,34.0,5.0,37,436,
Ba hao Residence x MAITRI CHIT ROOM,6,367,1 king bed,96.0,4.93,431,437,
Pool Villa by Humble,28,362,1 king bed,63.0,4.93,105,438,
[VR] 2BR High Skyline Ocean View @ Pattaya,10,368,3 beds,136.0,4.69,85,439,
Villa Seminyak 1 Bedroom 10 Mins to Beach,3,369,1 king bed,69.0,4.67,340,440,
"DEEPSPACE villa X1 ,Secret Address on Quiet Beach",31,370,3 beds,164.0,4.7,47,441,
BALIAN TREEHOUSE 2 - with private pool,13,345,3 beds,131.0,4.89,140,442,
Private pool two bedroom villa - villa the cow,31,371,2 double beds,97.0,4.8,124,443,
清迈 The Astra Condo长康路无边泳池豪华公寓古城夜市边Chang Khlan road,10,372,1 queen bed,33.0,4.68,158,444,
Garden view twin room with breakfast-Ngan Phu,13,371,2 single beds,24.0,4.85,255,445,
Heritage of Art Villa Iseh in Sidemen East Bali,6,373,1 queen bed,154.0,4.89,111,446,
One-Bedroom Suite in Patong Beach,10,374,2 king beds,49.0,4.73,67,447,
"【CENTRAL STUDIO】0-min BTS ASOK, FAST WIFI, NETFLIX",15,375,4 beds,58.0,4.74,252,448,
"Eagles Nest, Luxury Villa, Koh Yao Noi",31,376,22 beds,986.0,4.95,43,449,
FIG TREE BOUTIQUE VILLA,19,371,3 queen beds,30.0,4.83,92,450,
Seaview Bedrock Home,24,377,3 beds,131.0,4.8,35,451,
Alamanda Tropical Wooden Villa - Pool View,31,378,2 beds,97.0,4.87,196,452,
Perch Villa - Clifftop villa spectacular sea view,31,379,1 bed,162.0,4.94,71,453,
Tropical Private Room Canggu 3 by Rios Guest House,17,356,3 beds,33.0,4.86,7,454,
"Luxury Beach Front Pool Villa, Phuphatara Rayong",31,380,1 double bed,359.0,4.68,85,455,
TROPICAL POOL BEACH VILLA III | Beach-Pool-Freedom,12,381,1 double bed,142.0,4.92,25,456,
Samu House. Tropical stay private pool.Adults Only,2,351,1 bed,108.0,4.84,106,457,
Romantic 1br Villa - Ubud Jungle,31,347,1 king bed,363.0,5.0,13,458,
umatreehouse,4,347,1 bed,133.0,4.93,164,459,
"Promo Price! Magical Treehouse, Stunning Views.",4,346,4 beds,280.0,4.78,528,460,
Tropical Glamping 🌴 Cliff Side Ocean View + Net🐬,29,382,1 queen bed,474.0,4.93,209,461,
Cliffside Bamboo Treehouse - Private Pool & View,4,383,1 bed,484.0,5.0,59,462,
Dreamy Cliffside Bamboo Villa with Pool and View,2,383,1 bed,484.0,4.98,58,463,
25%OFF! Romantic Honeymoon Escape in Ubud Paradise,12,346,1 double bed,117.0,4.77,219,464,
Acala Lembongan-Deluxe Suite Sea View,42,384,1 queen bed,92.0,4.63,51,465,
NEW 5BR Luxury Villa in Ubud: Pool and Jungle View,31,346,5 double beds,451.0,,,466,
Seaside Designer Treehouse ~ Stunning Views ~ Pool,4,385,1 bed,121.0,4.75,4,467,
private villa with infinity pool hill and sea view,6,385,1 double bed,53.0,4.8,35,468,
50% OFF | Ipian Jiwa Eco Bamboo Uniquely Escape,14,346,6 beds,89.0,4.67,128,469,
"Private Modern Beachfront Villa: Pool, Sunset View",31,386,9 beds,628.0,5.0,15,470,
SoftLaunch IbizaInspiredBeachfrontVilla inBatangas,31,387,1 king bed,473.0,4.91,11,471,
Stunning Room Near Ubud Market - Outdoor Pool!!,30,351,1 bed,44.0,4.78,358,472,
Hotel Room with Private Plunge Pool Siray Bay#2,30,388,1 bed,71.0,5.0,13,473,
Suite 2 - Beachfront Luxury Suite on Bingin Beach,7,389,1 bed,267.0,4.93,96,474,
TROPICAL - DESIGNER LOFT - Seminyak,21,390,1 king bed,220.0,4.98,113,475,
3 Bdr - The Dream Cliffside Bamboo Villa By Avana,4,383,1 bed,913.0,4.97,30,476,
Madara Ubud Villas,31,351,2 beds,194.0,4.83,129,477,
New 2BR+2Bath Eco Home,25,391,2 beds,53.0,4.73,11,478,
Le Aiken Xperience - Unique Bamboo House,13,392,2 beds,252.0,4.69,94,479,
Six-Bamboo Villa in Eco Six Bali Resort,3,393,1 bed,458.0,5.0,5,480,
One-Bedroom Villa Suite Deluxe,3,394,1 queen bed,229.0,4.95,20,481,
Enchanted Hobbit Treehouse Nestled in the Jungle,4,361,1 king bed,207.0,4.92,117,482,
Romantic hideaway for two,3,361,2 beds,33.0,4.97,229,483,
PICO DE LORO ( Santorini Vibe),10,395,4 beds,112.0,4.88,16,484,
*NEW* Lovely New 3BR Villa Stunning Jungle View,31,393,1 bed,381.0,4.7,69,485,
Nalu Bingin - 1 Bedroom Villa,31,396,2 beds,202.0,5.0,5,486,
Pelangi Treehouse (formerly Skai Joglo),31,351,1 queen bed,229.0,4.92,112,487,
°3 Charming room in Bingin beach,13,397,1 queen bed,155.0,4.52,523,488,
"Luxe Villa in Tropical Oasis, Ubud. Walk to town.",31,346,1 king bed,176.0,4.93,287,489,
4br Lovina Paradise - Ocean View,31,398,4 king beds,460.0,4.93,40,490,
"Baby & kids friendly, JB CIQ, Romantic Duplex",15,399,2 beds,75.0,4.82,182,491,
Tiny House by The Modern Escape,5,400,2 beds,128.0,5.0,32,492,
Gorgeous luxury 1 bedroom villa in heart of Canggu,31,356,1 bed,325.0,4.87,47,493,
Boho-Chic villa with ocean&rice field view,31,401,3 queen beds,201.0,4.97,67,494,
Ceylon Villas 4 - 1BR Villa! 5 mins to Ubud 🌴,31,346,1 bed,125.0,4.92,184,495,
Gypsea Bali Bungalow with private bathroom and AC,13,394,1 king bed,155.0,4.92,78,496,
"DAY CLOUDS, Ubud",14,351,1 bed,72.0,4.59,122,497,
Cozy Loft Cabins Near Tagaytay,2,402,8 beds,252.0,4.88,43,498,
Ocean View and Private Pool at Balian Beach,13,352,1 queen bed,116.0,4.82,122,499,
Wanagiri Cabin,2,403,2 beds,148.0,4.97,29,500,
Batan Sabo Cottage,13,382,1 queen bed,72.0,4.72,459,501,
Bamboo Turtle cabin river view 5km to Ubud center,4,351,1 bed,118.0,4.88,75,502,
PROMO! Luxury Villa Escape in Ubud 2 BR,3,351,2 beds,306.0,5.0,4,503,
Villa Sea Spray Bali Cowrie literally on the Ocean,10,404,2 beds,130.0,4.79,112,504,
The Nude House,3,405,2 beds,305.0,4.68,19,505,
Tiny Poolvilla in the heart of Phuket,31,406,1 king bed,119.0,5.0,98,506,
Instagrammable Loft Studio in EkoCheras KL,10,407,1 double bed,60.0,4.94,84,507,
❤PROMO Beachfront oasis. Private pool and firepit,31,408,4 beds,189.0,4.74,46,508,
Arte Mont Kiara Muji Suites,15,409,3 beds,51.0,4.59,406,509,
My Canopy Tagaytay (with thermal pool),31,410,17 beds,424.0,4.91,81,510,
Luxe Suite: Villacellabella Ubud Bali Instaworthy,6,411,1 double bed,490.0,4.92,167,511,
CITY APART ★ CENTRAL City-FREE Pool & Gym,10,412,1 king bed,31.0,4.64,96,512,
Villa Akasha - Bio-Architected Eco Dome,13,346,1 queen bed,86.0,4.65,303,513,
#1Beach Front Villa room Villa Blanca Beach Front,42,387,1 queen bed,71.0,4.58,114,514,
Luxury 1 BR Villa w/ Private Pool & Ricefield View,31,346,4 queen beds,92.0,4.95,208,515,
Yuma • Atlantis Melaka/3BR 8Pax WiFi Balcony SeaView,10,413,2 king beds,40.0,4.43,7,516,
Ceylon Villas 1 - 2BR Villa! 5 mins to Ubud 🌴,31,347,1 king bed,166.0,4.89,176,517,
"Newly furnished first row of seaview in Moon, sea view, perfect sunrise ~ long term rental welcome (also discounted)",3,414,2 king beds,155.0,4.92,216,518,
B Designer King Bed with Partial SEA VIEW bath,28,415,2 king beds,75.0,4.5,281,519,
"Vaikuntha#3, The Pursuit of Perfect Rustic Beauty",14,416,2 king beds,201.0,4.82,146,520,
DELUXE SEA VIEW + Hot Tub @Koh Samui,42,417,1 bed,72.0,4.63,16,521,
Spacious Apt in City of Angels,10,367,1 king bed,19.0,4.95,438,522,
"Luxury room & Sky pool, in Phuket town",10,418,1 bed,40.0,4.81,210,523,
Mt Batur Sunrise & overnight,18,419,1 bed,42.0,4.97,29,524,
Tide 2 in Penida Tides Cottage,13,420,1 king bed,32.0,4.85,68,525,
Ceylon Villas 2 - 2BR Villa! 5 mins to Ubud 🌴,31,346,2 king beds,157.0,4.88,112,526,
Private room4 Legian/breakfast/close to Kuta beach,6,421,1 bed,81.0,4.91,34,527,
"Luxury Ocean Front, 2,500sq ft Private Eco Villa!",31,422,1 double bed,450.0,4.96,24,528,
★Studio in Seafront Private Villa w/infinity pool★,10,423,3 beds,53.0,4.83,93,529,
Veranda Residence pattaya 2bedroom partial seaview,15,424,2 beds,83.0,4.89,186,530,
Cool Home w Garden near Sea,3,425,2 beds,77.0,4.81,360,531,
Cozy & Modern Loft w/ high speed wi-fi and Netflix,21,426,1 king bed,35.0,4.92,196,532,
Cozy Place near Shopping Center,10,418,2 king beds,35.0,4.96,237,533,
Ocean View Pool Villa @ Balian Beach,3,352,1 queen bed,170.0,4.76,282,534,
Oceanfront Pool Villa,31,427,2 beds,163.0,4.96,23,535,
Lovely 1 Bedroom Suite with Pool View,15,428,3 beds,26.0,4.27,56,536,
Private Beach House. The Shack,3,429,1 king bed,89.0,4.88,41,537,
Lounge Poolside Under Lush Greenery at an Organic Bamboo Pad,4,430,1 king bed,69.0,4.71,98,538,
Walk to Petronas Towers from a Stylish Apartment,10,407,1 king bed,71.0,4.89,296,539,
Coconut Garden Resort Gili Trawangan,19,431,1 king bed,69.0,4.84,242,540,
Balian Beachfront Luxury Tiny House,5,432,4 beds,186.0,5.0,19,541,
PD D'Wharf Premium Suite - Full Seaview (4-6 Pax),10,433,1 king bed,54.0,4.88,129,542,
Studio in Beachfront Private Villa w/Infinity pool,10,423,2 beds,38.0,4.88,64,543,
Grand Seaview Pool Suite •,6,418,2 beds,111.0,4.85,26,544,
"❤️THE LOFT, Romantic Beachfront Home, HIN KONG.",3,434,2 beds,198.0,4.96,56,545,
5* Studio Resort like: Mason Place Capitol Park,10,435,2 queen beds,29.0,4.95,112,546,
Minimax House by wiandra,3,436,4 beds,96.0,4.84,81,547,
B1731/Seaview/5 mine drive to Jonker/Imperio/4 pax,15,413,3 beds,23.0,4.54,209,548,
*6Maritime Seafront Scandinavian Home‖北欧风格日出无敌海景套房,21,428,3 double beds,153.0,4.39,380,549,
Scenic Cebu City View Condo in Ayala,15,437,2 queen beds,41.0,4.98,315,550,
"Baan Rom Pruk private house, near Naiyang beach",29,438,1 king bed,26.0,4.96,172,551,
10' walk to Bitexco D1 45sqm Studio - Stay&Fun 01,15,439,1 queen bed,38.0,4.8,163,552,
Ayung Panorama. Poetic house on Ayung River cliff,31,344,2 king beds,159.0,4.91,227,553,
Villa The Spot - Room B6,6,440,1 bed,127.0,4.75,28,554,
Cozy Seafront Studio Suite Near Queensbay,15,441,1 bed,52.0,4.83,263,555,
GLAMPING Experience with an INFINITY POOL,14,405,2 beds,79.0,4.8,45,556,
Veranda Residence pattaya 1BR partial sea view,15,442,2 queen beds,47.0,4.8,95,557,
1min KLCC Twin Tower & Pavilion/Ins cottage for best memories,10,407,2 beds,38.0,4.91,278,558,
Nyan Bali -A Bamboo House Escape with Private Chef,2,416,2 queen beds,237.0,4.95,104,559,
5-Star Experience at the Heart of Cebu,15,437,3 beds,49.0,4.96,280,560,
Antipolo - Secluded and Romantic,29,443,3 beds,143.0,4.87,478,561,
Alon and Sandy Surf Shack GFloor (Air Conditioned),6,444,3 beds,129.0,4.62,145,562,
The Blue Cabin #Beach,6,445,1 queen bed,62.0,4.85,59,563,
"Amazing Manila Bay View! Spacious Comfy, Clean *31",15,446,2 beds,69.0,4.9,154,564,
Luxurious private 2bedrm seafront Phuket penthouse,10,447,2 beds,286.0,4.92,185,565,
Serenity Tagaytay Home w/ WIFI & NETFLIX,15,410,3 beds,30.0,4.79,447,566,
B1933B/5 min drive to Jonker/Seaview/Imperio/4 pax,10,413,4 beds,24.0,4.69,196,567,
H&B Villas Phu Quoc - 3 Bedrooms,31,448,4 beds,252.0,5.0,20,568,
A Chic and Cozy 2Br Unit w/ Netflix and Disney+,15,426,6 beds,34.0,4.94,295,569,
Coastline Seaview Duplex Level 19 Executive Floor,21,428,1 king bed,87.0,4.92,437,570,
"BOHO CABIN, Hin Kong Beachfront, West Coast.",2,449,2 beds,132.0,4.98,44,571,
(A)Charming Pool Access One Bedroom Apartment,10,450,1 double bed,65.0,4.82,68,572,
"One Bedroom Condo in Roxas Boulevard, Pasay City",15,451,8 beds,30.0,4.77,332,573,
Wake up to the Sea of Bali: Beachfront luxury plus,31,452,1 queen bed,194.0,5.0,139,574,
Enchanted River cabin w/private garden and kitchen,2,453,2 beds,51.0,4.85,127,575,
Cozy City Condo at Horizons 101 [ W/ WIFI ].,15,437,2 beds,26.0,4.44,220,576,
SUNSET SEAVIEW DELUXE PATONG - POOL+TERRACE,10,374,4 beds,64.0,4.8,159,577,
Appartment 140 sqm 6 people big terrace sea view,10,454,2 beds,111.0,4.91,160,578,
Cozy room 48.5 sq.m @The Astra near Night market,15,455,1 king bed,45.0,4.89,190,579,
EXPRESSIONZ-1Bedroom-Junior-Suite-KLCC-Sky-Pool,10,407,1 king bed,53.0,4.78,408,580,
VENUE HOTEL-20% Superior City NiceWindow#Good Rate,30,456,1 bed,17.0,4.35,17,581,
"Bebalilodge, one bedroom house with private pool",11,457,1 bed,76.0,4.97,153,582,
2 Bedrooms Beachfront on Maikhao Beach B#7F,15,458,2 beds,90.0,4.6,65,583,
La Casita Hua Hin 2,10,459,1 sofa bed,32.0,4.75,170,584,
The LOJI @ Patra Kuningan # 3,6,460,2 beds,24.0,4.83,69,585,
Cozy Studio across Ayala Mall iT Park 1min walk,15,437,1 bed,26.0,4.78,235,586,
B4: Sea Breeze Bungalow with Ensuite and AC,29,362,2 double beds,33.0,4.82,191,587,
"Villa Arun, Sumberkima Hill",31,461,1 queen bed,262.0,4.88,57,588,
DANNY’s HIGH VIEW STUDIO near District1 Ben Thanh!,10,439,1 queen bed,44.0,4.78,167,589,
Premier Lux Studio Large Tv Free Netflix | City,10,407,2 king beds,62.0,4.9,166,590,
【R&F】Studio of Dual-Key Homely Getaway byⓗⓢ,15,399,2 queen beds,44.0,4.78,139,591,
"Luxury Q Chidlom Condo, BTS ChitLom, Siam,",10,367,1 queen bed,90.0,4.79,61,592,
#18 2022 Newest! Downtown Lux Fun Sea View Condo,10,368,1 queen bed,63.0,5.0,27,593,
B2733/Seaview/5mins to Jonker/Imperio/Studio/4pax,15,413,3 beds,30.0,4.71,230,594,
Kanvas Soho / KLIA / FREE WIFI 500mbps,15,462,2 beds,24.0,4.8,410,595,
#Maritime*3*The Rhythm of the Sea @ 日出无敌全海景,21,463,3 double beds,98.0,4.56,93,596,
Waterfront Traditional Thai Style Pool Villa (V7),31,418,1 queen bed,41.0,4.71,82,597,
Comfy-Cozy-Cheap @ NAIA 3 near RW w/ NETFLIX,10,451,3 beds,33.0,4.86,692,598,
[50mbps+NETFLIX] Your home in the heart of Manila,15,446,1 double bed,28.0,4.73,159,599,
Comfy Room with Bathroom near MRT Phra Ram 9,6,464,1 king bed,30.0,4.99,72,600,
"Endless Patong Ocean View from a Hilltop Condominium, Phuket",10,465,4 beds,56.0,4.95,252,601,
"Spectacular Ocean View Villa in Uluwatu, Bali",31,466,2 beds,673.0,4.94,143,602,
"Exclusive Villa, for Couples Looking To Relax",6,351,2 king beds,149.0,4.85,62,603,
1 BR Phuket Modern Luxury Living,10,374,1 king bed,44.0,4.68,202,604,
*SETIA ALAM* Big Luxury Comfort Homestay #Trefoil,10,467,1 king bed,30.0,4.87,171,605,
Luxury Villa in Ubud,6,346,3 beds,65.0,4.91,54,606,
"S101 Beachfront Private Villa,
A Resort by the Sea",42,378,2 queen beds,49.0,4.75,80,607,
Admire Deluxe Marble Walls at a Highrise Resort Home,10,407,2 beds,85.0,4.85,135,608,
B1706/5 mins drive to Jonker/Imperio/Studio/4pax,15,413,1 bed,29.0,4.79,195,609,
Odesa Villa1 Ubud close to center,6,351,1 bed,29.0,5.0,9,610,
"Malay villa, Best views in Ubud!",19,346,1 bed,167.0,4.77,119,611,
*Hidden Oasis Bangkok 1 | Near ICONSIAM,6,468,1 bed,28.0,4.86,166,612,
Directly on the beach-for animal lovers only,3,391,1 bed,144.0,5.0,27,613,
"Maphrao in Kamala, accommodation on the beach",13,363,1 bed,49.0,4.89,37,614,
A Divers Home: beachfront room with sunset view,6,349,1 bed,34.0,4.89,98,615,
Forest Haven - Otium,5,469,1 queen bed,224.0,4.85,218,616,
WANDERLUST TREEHOUSE Book an experience!,4,470,1 queen bed,402.0,4.99,271,617,
Architectural Masterpiece | Best View in Telluride,3,471,5 beds,732.0,4.97,76,618,
Cozy Louise Cabin - Direct Cuyuna MTB Access/Sauna,2,473,2 queen beds,225.0,5.0,18,619,
A-frame cabin by the bay with kayak!,2,474,2 queen beds,230.0,4.88,128,620,
Peach Log Cabin/Hot Tub/Romantic/Close to Town!,2,476,1 queen bed,292.0,4.97,244,621,
Guest room available short stays,6,477,2 queen beds,217.0,5.0,4,622,
"Tiny House Cozy Cabin by Zion, Grand Canyon, Bryce",2,478,4 beds,188.0,5.0,611,623,
Nature’s Nook- A Modern Treehouse Near Wineries,4,479,3 beds,336.0,4.94,163,624,
Conestoga Wagon on Dude Ranch NEAR LAS VEGAS,11,475,1 bed,147.0,4.86,196,625,
Crystal Peak Lookout 🌲,4,481,3 beds,230.0,4.88,470,626,
Heartwood Cabin at Mt. Rainier,2,482,3 beds,354.0,4.98,246,627,
Modern Nashville Home in the Woods,2,483,1 king bed,278.0,4.99,290,628,
The Leaf Treehouse,4,476,2 beds,641.0,4.99,339,629,
Lakefront A-Frame Cabin on Table Rock Lake,2,485,2 beds,129.0,4.86,22,630,
The Cargill-Earl Guesthouse at Erik's Ranch,3,486,3 beds,426.0,4.88,323,631,
Taos Mesa Studio Earthship,3,487,1 queen bed,194.0,4.91,781,632,
A- Frame Cabin,13,488,2 queen beds,273.0,5.0,168,633,
Diamond Desert Escape,3,489,5 beds,384.0,4.97,34,634,
Calowahcan Cabin *NEW hot tub*,2,490,3 queen beds,213.0,5.0,401,635,
Cozy Bow House Perched in Trees w/ Hot Tub & View,3,491,5 beds,244.0,4.95,344,636,
Cherry Blossom Yurt on Lookout Mountain,27,492,1 king bed,157.0,4.97,666,637,
Storybook A-Frame Cabin in the Woods Close to Downtown Boone,2,493,2 queen beds,218.0,4.99,372,638,
The Cabin at Maple View - Accepting Reservations,2,494,2 beds,123.0,4.99,599,639,
Romantic Cabin - 9 miles to Glacier National Park,2,495,2 beds,171.0,4.91,237,640,
Enjoy the Heated Pool at a Beautifully Designed Getaway,3,496,1 king bed,213.0,4.96,853,641,
10-Acre Yellowstone Cabin w/Stunning Mtn View,2,486,4 beds,222.0,4.93,101,642,
"The Big Blue, 1 BR+Den!",15,497,2 beds,597.0,4.79,539,643,
Moab Glamping Luxury Tent for 2,18,498,1 queen bed,254.0,4.92,279,644,
Villa Loggia! 5min walk to Prvt Beach/pool/SmartTV,3,499,6 beds,417.0,4.94,34,645,
"Scenic, Serene Lakefront Cabin — Wood Stove",2,500,3 beds,149.0,4.99,72,646,
The Stillwater at Stoner Creek Cabins,5,501,1 bed,178.0,5.0,211,647,
A little piece of heaven...,3,502,4 beds,950.0,4.88,180,648,
Beautiful pool home near strip,3,503,3 beds,252.0,5.0,15,649,
Totally Beachin - Condo with Stunning Ocean Views,15,504,6 beds,287.0,4.69,75,650,
Moonlit Chalet,2,505,2 beds,175.0,4.87,173,651,
Atlantic Coast Dome Home Across from Sound w/ View,3,506,2 beds,244.0,4.96,47,652,
Welcome to our Modern Cape Escape with Heated Pool,3,507,5 beds,233.0,4.96,28,653,
The 'Easy A' Cabin in Rocky Point,38,508,3 beds,202.0,4.82,82,654,
Luxury One Bedroom Condo with private balcony,15,509,3 beds,123.0,4.9,106,655,
"""Swan Ocean"" Beach House on Vilano Beach",3,510,6 beds,955.0,4.88,60,656,
Coastal Waters 214-2nd floor ocean view condo,15,511,2 beds,168.0,4.47,43,657,
Lake House Minutes to Downtown Mt. Dora and Eustis,3,512,2 beds,173.0,4.99,179,658,
Circle J Bed & Breakfast,5,513,2 beds,92.0,4.97,528,659,
"Hillside Cripple Creek Cabin w/Hot Tub, Mtn Views!",2,514,3 beds,196.0,4.93,72,660,
Basic Cabin #1 - Sleeps 4 - OK-C1,2,498,3 beds,125.0,4.86,233,661,
ONLY 1.5 Miles from the Creation Museum!,3,515,4 beds,124.0,4.89,170,662,
"Blue Oasis | King Bed | Feel Far, Be Close Dogs ok",3,516,2 beds,155.0,4.94,258,663,
Garden Gate Getaway,6,517,2 beds,53.0,4.88,110,664,
"Taos Skybox ""Stargazer"" High Desert Retreat",3,518,1 bed,184.0,4.93,61,665,
"The best in tiny living!
TreehouseTopia",4,519,2 queen beds,229.0,4.87,193,666,
*Unique Pyramid Home for an amazing vacation,3,520,1 queen bed,231.0,4.93,165,667,
Private Modern Guesthouse near Mulholland Drive,12,521,2 beds,151.0,4.93,555,668,
Water side Cozy cabin,3,522,4 beds,98.0,4.91,318,669,
NEW! One-of-a-Kind Luxury Cabin w/Hot Tub,2,523,1 queen bed,358.0,5.0,49,670,
Hilltop cabin retreat with lake & mountain views,17,524,5 beds,188.0,4.93,551,671,
Brand New 3 beds at Solara Resort,43,525,2 beds,155.0,4.83,12,672,
Redwood Treehouse Santa Cruz Mtns.,4,527,2 beds,190.0,4.89,932,673,
Mickey Mouse Themed Getaway next to Disney 1,15,525,4 beds,115.0,4.84,295,674,
Crystal Lake House,3,528,4 beds,155.0,5.0,9,675,
The Orlando Retreat.,3,529,4 beds,230.0,4.95,78,676,
The Alpaca (A Lone Juniper Ranch Cabin),11,530,2 queen beds,124.0,4.92,381,677,
Cozy Cabin on Sunday River ~,2,531,2 beds,202.0,4.93,41,678,
*BRAND NEW* Tiny Village Retreat,5,532,2 beds,90.0,5.0,86,679,
Cliffside Romantic Retreat LOVE,2,533,1 king bed,321.0,5.0,25,680,
Modern Cabin Tiny Retreat,5,532,3 beds,90.0,4.98,558,681,
Peaceful Log Cabin in the Woods,2,534,2 double beds,122.0,4.99,497,682,
Cozy Creek Cabin-couples retreat nestled in woods,2,535,1 king bed,184.0,4.98,208,683,
Cozy Studio close to Universal,10,529,2 beds,82.0,4.2,148,684,
Beaver Bungalow - Long Range Mountain Views,2,536,2 beds,163.0,4.96,77,685,
"Sea Squirrel, Beach views in Crystal Beach",15,499,1 bed,246.0,4.78,9,686,
Out of Bounds: Tiny Cabin amongst acres of trees,5,537,2 queen beds,170.0,4.95,277,687,
Newly remodeled! Condo in Center of All The Action,10,529,2 beds,100.0,4.49,372,688,
Canyon Hideout Bungalow,5,538,1 queen bed,179.0,5.0,341,689,
"Peaceful, authentic, rustic log cabin in the woods",13,539,2 beds,132.0,4.98,106,690,
Idyllic Cottage Retreat,12,540,2 beds,188.0,4.86,14,691,
Cabin Kisa,2,541,1 bed,106.0,5.0,7,692,
Mountain Dream gorgeous view with hot tub,2,542,2 queen beds,190.0,4.96,591,693,
Special Offer Storey Lake 2Bedr 2Bath Free Waterpark BE307,10,525,4 beds,134.0,4.79,73,694,
Creekside Cabin at Shady Grove Farm,2,543,2 beds,90.0,4.97,476,695,
"Vegas Villa-Heated Pool, Indoor Jacuzzi, Billiards",31,544,9 beds,668.0,4.93,27,696,
Modern Retreat with King Bed-Heated Pool-and Grill,31,545,6 beds,494.0,5.0,33,697,
Venice Canals Sanctuary,10,546,2 beds,374.0,4.93,107,698,
Sugar Bear Hollow,2,519,3 beds,219.0,4.96,91,699,
Studio B,17,547,2 queen beds,111.0,4.95,819,700,
Rock Reign Ranch,5,548,1 queen bed,132.0,4.92,12,701,
"Sedona Sunset Jewel, Amazing Views, Pool",7,549,1 king bed,209.0,5.0,516,702,
10 mins to Disney-Hot tub-Queen Puffy Lux bed,15,525,3 beds,213.0,4.82,74,703,
Largest 1 Bed 2 bath in Amelia Surf & Racquet Club,10,550,2 beds,306.0,,,704,
300 STEPS TO THE BEACH-BEST 1 BEDROOM DEAL IN TOWN,15,551,2 beds,169.0,4.68,57,705,
Private room(s) in a Renovated Manhattan Townhouse,6,477,2 beds,259.0,4.94,16,706,
Luxurious brickell apartment 38thfloor ocean view,15,552,2 beds,239.0,4.69,51,707,
"Lakeview Loft-Vintage Chicago, Modern Amenities",21,553,3 beds,126.0,4.96,343,708,
"JU Super Duper Tiny House, 15 minutes to Disney",12,525,3 beds,98.0,4.95,400,709,
Excellent suite to enjoy near Disney.,10,529,2 beds,90.0,4.71,241,710,
On Juniper Lake w/Boat Dock Near 30A!,3,554,4 beds,113.0,4.79,19,711,
Ocean Front Resort - King bed,15,555,1 queen bed,184.0,4.93,304,712,
Cozy riverside/rain forest cabin ~ Bogie Bungalow,2,556,2 queen beds,143.0,4.96,949,713,
Ft Walton cozy condo w/ on-site pool. Near beaches,15,557,3 beds,145.0,4.73,249,714,
Private Bay area home !,10,558,3 beds,117.0,4.67,3,715,
Altitude Adjustment,2,559,4 beds,208.0,4.98,161,716,
Private Room in Elegant French Gothic Home,6,521,2 queen beds,114.0,4.87,843,717,
Stuart Manor Bed and Breakfast,6,560,2 beds,223.0,5.0,26,718,
The Beach Couldn't Be Any Closer!,15,561,6 beds,260.0,4.9,145,719,
Point Richmond Top Floor Studio with Bay views,10,562,6 beds,153.0,4.95,128,720,
Cottage by the Sea,7,563,6 beds,138.0,4.92,554,721,
House by the Mouse: Something for Everyone!,3,525,6 beds,250.0,4.89,157,722,
King Suite/Sky Lounge/Luxurious Experience.,10,564,2 beds,108.0,4.85,55,723,
Few days left in May,2,519,1 king bed,286.0,4.98,263,724,
"Cozy Private Mountain Cabin on 1,000 acre property",2,565,4 beds,186.0,4.96,78,725,
Sugar Babe Beach Retreat with Hot Tub!,3,567,2 queen beds,160.0,4.95,328,726,
Modern room in boutique hotel near amusement parks,30,525,2 beds,64.0,4.81,54,727,
"Kayaks adventure, Dock, Pool, WiFi Courtyard view.",15,568,2 beds,112.0,4.72,94,728,
A charmer!Great spot near downtown.,17,569,3 beds,81.0,4.97,990,729,
Beachfront Apartment,10,570,1 queen bed,170.0,4.43,23,730,
The Cooper Cottage | Guesthouse,17,572,4 beds,91.0,5.0,5,731,
Tillie Creek Retreat: a Creekside Oasis,2,573,3 beds,145.0,4.85,312,732,
New* Desert Moon* HeartofPhoenix,3,547,3 queen beds,112.0,4.78,9,733,
Private Mackinaw City Beach Cottage ~ Bridge view,12,574,1 queen bed,355.0,4.91,68,734,
Room With The Views,7,575,3 beds,127.0,4.99,402,735,
Venice Getaway,3,576,3 beds,159.0,5.0,30,736,
Reems Creek Mountain Cabin,2,577,2 queen beds,237.0,5.0,222,737,
Beachfront~Amazing Views~Walkable to Walmart/Shops,15,551,4 beds,184.0,4.96,26,738,
Lovely 1 bed condo with pool/wifi free parking,15,552,2 beds,149.0,4.92,51,739,
"The Lost Coast Tower, Petrolia",2,578,1 double bed,225.0,4.92,214,740,
THE SMALL ENGLISH MANOR NESTLED AMONGST THE TREES,10,477,2 beds,276.0,4.89,420,741,
Private Loft In the Hollywood Hills (by Universal),17,521,1 queen bed,132.0,4.87,981,742,
"Location, location, location!",10,477,2 beds,260.0,5.0,19,743,
Ravinia Bungalow,17,579,1 double bed,105.0,4.96,701,744,
Egret ~ Beachfront Cottage (pet-Friendly),3,580,2 beds,248.0,4.93,43,745,
Storybook Beach Cottage Twin Rocks,12,581,4 beds,144.0,4.88,259,746,
On the Beach; Siesta Key SunBum Studio,15,582,2 beds,379.0,4.96,218,747,
Laguna Beach Charming Unit- Location/Value,10,583,3 beds,385.0,4.96,384,748,
Windsor At Westside Avenger Newest PS5 Game room,31,525,13 beds,209.0,4.92,12,749,
Central House w/ Pool & Hot Tub,3,584,2 beds,142.0,4.88,140,750,
Direct Ocean View from the Balcony,10,585,2 queen beds,219.0,4.83,639,751,
Terlingua Mining Ruin - Lofthouse,3,586,1 double bed,194.0,4.97,575,752,
Designer Upper East side apartment Two entrances.,10,477,1 queen bed,242.0,4.99,84,753,
Relaxing Bungalow Steps from the Ocean,29,511,2 queen beds,102.0,4.86,364,754,
Modern Great Villa near Disney & Parks,10,525,3 beds,103.0,4.87,148,755,
Cozy Private Cottage 5 miles from Disney!,12,525,1 queen bed,100.0,4.92,123,756,
"Private Studio+Bath+Balcony, 15 mins to Manhattan",6,588,1 sofa bed,144.0,4.96,269,757,
Large Master Bedroom w Hollywood sign VIEWS,6,521,5 beds,133.0,4.9,325,758,
Echo Park Retreat with Views,7,521,4 double beds,116.0,4.94,580,759,
Beachfront Oasis,3,589,3 beds,798.0,4.99,111,760,
The Enchanted Cottage at Easy Manor,17,590,4 beds,115.0,4.96,170,761,
☀Sunrise Cabin☀ Balcony Mtn Views┃Grill┃Firepit,2,591,3 beds,113.0,4.98,114,762,
Cactus House - private home with pool in Phoenix,3,547,3 beds,277.0,4.99,114,763,
"Beautiful Beachfront condo! 2 Bdrm, 2 Bath",15,557,1 bed,300.0,4.9,104,764,
"""Vacation-Sanctuary / Gateway to Napa """,6,592,1 king bed,114.0,4.97,887,765,
Elevation Celebration,2,559,3 queen beds,225.0,4.97,95,766,
Waterfront Studio Apartment with FREE Parking,10,593,2 beds,160.0,4.63,16,767,
Betty's Beach Bungalow-Pet Friendly! STR21-1232,3,594,2 beds,171.0,4.97,478,768,
"Casual Colorful Venice House near Canals,Beach &Abbot Kinney",3,521,2 beds,323.0,4.95,398,769,
Beachfront Penthouse studio w/ pool on Miami Beach,15,595,2 beds,181.0,4.85,139,770,
Geodesic Earth Dome,8,518,2 beds,91.0,4.9,953,771,
7-bedroom vacation home near Disney with pool/spa,3,525,10 beds,222.0,4.83,174,772,
Beautiful 4BR Townhouse/Townhome close to Disney,43,525,5 beds,132.0,4.83,109,773,
Waterfront condo on top floor @ Boca Ciega Resort,15,596,2 beds,143.0,4.87,360,774,
Scenic Gulf view! Steps to private beach entry!,43,499,3 beds,305.0,5.0,41,775,
"Amelia Island, 2 bedroom beach front condo",15,550,2 beds,327.0,4.92,147,776,
"Fishing, Quiet & Wifi - 10 acres - Country Getaway",3,597,2 queen beds,117.0,4.98,51,777,
Cozy guest studio with private deck,17,598,1 queen bed,101.0,4.9,655,778,
Fabulous Cottage at the Beach,12,598,3 beds,253.0,4.94,215,779,
Beautiful ocean front condo Panama City Beach,42,551,1 king bed,143.0,4.78,99,780,
"A view, a pool, and, private cabana sleeps five",17,599,4 beds,165.0,4.8,260,781,
The T and C Club,3,600,6 beds,247.0,4.97,90,782,
Oceanfront Apartment - Cocoa Beach,15,601,2 beds,176.0,4.89,53,783,
Jr.Suite at Ocean Residences on the Beach,10,585,1 sofa bed,260.0,4.9,242,784,
Charming Cottage at the Beach,12,598,3 beds,253.0,4.91,550,785,
"PERFECT VIEW!! Waterfront, Marina, and 2 Pools!",15,557,2 queen beds,99.0,4.98,125,786,
Breath-taking Strip View on 33rd Flr Luxury Resort,15,544,2 beds,118.0,4.73,318,787,
Downtown Suite -Pool/Wi-Fi/ SkyView!,10,564,2 beds,113.0,4.84,144,788,
Cañon Getaway- Cabin inspired home,7,590,2 beds,112.0,4.97,460,789,
Fox Farms Little House,3,602,2 beds,107.0,4.97,430,790,
Retro 1BR Apt #3 | Steps from the Water + Parking!,10,552,2 beds,106.0,4.88,136,791,
North Capitol Hill Luxury Townhome in Perfect Location,43,603,1 queen bed,135.0,4.81,538,792,
Sunset Suite @ The Vanderbilt | Boutique~BnB,6,587,2 beds,224.0,4.96,117,793,
#3 Foggy Bottom/Georgetown Apartment,10,603,1 queen bed,209.0,4.82,473,794,
Direct Waterfront.Keyless entry.Dolphin watch.,15,604,2 beds,220.0,4.97,279,795,
Retro Retreat by the Bay,3,605,4 beds,136.0,4.9,201,796,
Ocean Drive Beach Front Studio,10,595,3 beds,153.0,4.56,418,797,
Coastal Cape Home w/Heated Pool-Sleeps 6,3,507,1 queen bed,125.0,4.85,75,798,
Local Sedona Humble Home,3,549,3 beds,236.0,4.91,107,799,
"Hollywood paradise studio in house,owned entrance",3,521,2 beds,103.0,4.89,367,800,
Luxe guest suite-perfect Staycation Pool & Parking,6,552,4 beds,101.0,4.91,651,801,
Casa Del Mar Spectacular Ocean Views!,3,606,3 beds,434.0,4.97,148,802,
Cozy Garden Apartment,10,588,3 beds,117.0,4.93,287,803,
Classic Cape Cod Cottage,12,607,3 beds,143.0,4.92,172,804,
Modern 3 bds house with pool in Las Vegas,3,544,3 beds,313.0,5.0,10,805,
Gecko House Unit #1,3,608,1 king bed,88.0,4.88,113,806,
LOVELY OCEAN VIEW 1BD/1.5TH APT HIGH FLOOR|PARKING,10,609,2 beds,148.0,4.85,47,807,
spacious chelsea room,6,477,3 beds,106.0,4.9,127,808,
Tropical Garden Studio Cottage (2 miles to beach),7,587,1 queen bed,119.0,4.97,231,809,
Cozy Portland Studio Apartment,17,610,2 beds,104.0,4.98,745,810,
Direct beautiful beach and ocean view,10,611,3 beds,173.0,4.93,124,811,
Beach paradise. Just minutes to restaurants shops.,15,612,4 beds,320.0,4.89,54,812,
Spacious Heated Pool home with pool/pingpong table,3,613,2 beds,212.0,4.93,138,813,
The Strand Oceanview Studio - Dog Friendly!,17,581,6 beds,121.0,4.85,392,814,
Enjoy the most beautiful sunsets by the *pool,3,614,1 queen bed,113.0,4.93,42,815,
Private romantic 1 br in Carmel Woods- love dogs,10,615,2 beds,149.0,4.86,743,816,
SUNNY ISLES GORGEOUS Apart 2210!! (+hotel fees),15,609,3 beds,191.0,4.91,130,817,
Point Reyes Unique Creekside Home with Hot Tub,2,616,2 beds,271.0,4.89,601,818,
Perfect Cottage with Amazing Creek & Harbor Views & Location,12,617,7 beds,321.0,4.99,298,819,
Eiko Beach House 4BR/3BA Heatd Pool*Hot Tub* Pets,3,618,2 beds,722.0,4.79,108,820,
New: Cozy 1BR Beach Condo on Siesta Key!!!,15,582,5 beds,157.0,4.82,148,821,
Across the street from Disney/Pool/Free Parking,15,619,3 beds,342.0,4.99,76,822,
BEAUTIFULL CONDO IN THE HEART OF SUNNY ISLES.,15,609,3 beds,151.0,4.57,225,823,
Spacious Studio - 1 minute walk to the beach!,15,611,1 bed,115.0,5.0,23,824,
Authentic Luxury Designed Loft,21,588,3 beds,178.0,4.88,253,825,
Hollywood Sunset Strip Private Executive Hideaway,3,521,2 king beds,272.0,5.0,99,826,
Location Location Location 1 bdrm 0.5 mi of Strip,15,544,2 beds,124.0,4.7,242,827,
Trump Tower High Floor Strip View,10,544,2 beds,181.0,4.87,464,828,
"Dolphin Bay, Apartment 202",15,601,2 beds,140.0,4.84,285,829,
"Oceanfront, rustic cottage",3,510,1 bed,339.0,4.88,465,830,
Enjoy Sunsets at Fully Equipped 2BR Condo on Beach,15,620,3 beds,215.0,4.93,14,831,
Oceanfront Belmont Shore Coastal Luxe,15,621,2 beds,174.0,4.98,125,832,
Spectacular beach to bay views from this resort.,15,618,1 bed,218.0,4.67,148,833,
Directly on Longboat Key Beach - Kid Friendly/SRQ1,15,622,2 beds,196.0,4.89,415,834,
The Garden Suite at the Historic Chateau Bleu,7,623,1 king bed,141.0,4.85,82,835,
Private Room in Orlando/Kissimmee (2Twins) T1,6,525,1 king bed,43.0,4.9,300,836,
Casa Alexander,17,624,5 beds,73.0,4.92,282,837,
BEACH FRONT Unit w/ Pool Sandy Toe's # 5,10,625,4 beds,233.0,4.96,318,838,
Across the Street from Beach Getaway/Near Convention Center,6,621,4 beds,106.0,4.85,97,839,
