listing_id,check_in,price,offer_price,offer_id,check_out
1,Jun 11 - 16,306.0,229.0,1,
2,Jun 6 - 11,485.0,170.0,2,
3,Jul 9 - 14,119.0,522.0,3,
4,Jun 11 - 16,192.0,348.0,4,
5,Jun 4 - 9,232.0,196.0,5,
6,Jun 21 - 26,261.0,148.0,6,
7,Jun 4 - 9,607.0,,7,
8,Jun 8 - 15,381.0,,8,
9,Jul 3 - 8,29.0,,9,
10,Jun 26 - Jul 1,154.0,,10,
11,Sep 4 - 10,207.0,,11,
12,Jun 1 - 6,162.0,,12,
13,Jun 1 - 6,268.0,,13,
14,Sep 11 - 16,111.0,,14,
15,Jun 1 - 6,174.0,,15,
16,Sep 8 - 13,497.0,,16,
17,Jun 11 - 16,163.0,,17,
18,Jun 18 - 23,141.0,,18,
19,Aug 20 - 25,282.0,417.0,19,
20,Jun 9 - 14,89.0,253.0,20,
21,Aug 31 - Sep 5,132.0,,21,
22,Jun 4 - 9,143.0,,22,
23,Jul 23 - 28,463.0,,23,
24,Jun 21 - 26,29.0,,24,
25,Jul 9 - 14,136.0,,25,
26,Sep 1 - 6,688.0,,26,
27,Jun 18 - 23,658.0,,27,
28,Sep 3 - 8,392.0,,28,
29,Jun 17 - 22,67.0,,29,
30,Jun 4 - 9,51.0,,30,
31,Jun 19 - 24,354.0,,31,
32,Jun 23 - 28,107.0,,32,
33,Jul 14 - 21,102.0,,33,
34,Jul 1 - 6,171.0,,34,
35,Aug 12 - 17,286.0,,35,
36,Jun 6 - 11,301.0,,36,
37,Jul 12 - 17,112.0,146.0,37,
38,Jun 4 - 9,169.0,1089.0,38,
39,Sep 11 - 16,43.0,630.0,39,
40,Jun 1 - 6,1463.0,225.0,40,
41,Jun 4 - 11,764.0,819.0,41,
42,Jun 3 - 8,225.0,,42,
43,Jun 1 - 6,40.0,,43,
44,Jul 1 - 6,287.0,,44,
45,Jun 25 - 30,93.0,,45,
46,Jul 4 - 9,118.0,,46,
47,Jul 21 - 26,138.0,,47,
48,Aug 13 - 18,670.0,,48,
49,Aug 25 - 30,135.0,,49,
50,Jun 1 - 6,178.0,,50,
51,Jul 11 - 16,218.0,,51,
52,Jun 6 - 13,898.0,,52,
53,Jun 4 - 9,144.0,,53,
54,Jun 4 - 9,125.0,,54,
55,Jun 12 - 17,220.0,372.0,55,
56,Jun 6 - 11,305.0,251.0,56,
57,Jun 4 - 9,480.0,290.0,57,
58,Jun 27 - Jul 4,398.0,265.0,58,
59,Jun 4 - 10,148.0,39.0,59,
60,Jul 25 - 31,322.0,232.0,60,
61,Jun 1 - 6,315.0,78.0,61,
62,Jun 2 - 7,128.0,,62,
63,Jun 1 - 6,55.0,,63,
64,Jun 4 - 9,360.0,,64,
65,Jun 15 - 20,224.0,,65,
66,Jun 19 - 24,227.0,,66,
67,Aug 7 - 12,363.0,,67,
68,Jun 11 - 16,232.0,,68,
69,Jun 18 - 23,81.0,,69,
70,Jun 2 - 7,271.0,,70,
71,Jun 4 - 9,219.0,,71,
72,Jun 1 - 6,109.0,,72,
73,Aug 27 - Sep 1,335.0,223.0,73,
74,Jun 25 - Jul 1,261.0,63.0,74,
75,Jun 1 - 6,287.0,228.0,75,
76,Jun 4 - 9,89.0,198.0,76,
77,Jun 4 - 9,71.0,141.0,77,
78,Jun 26 - Jul 1,138.0,169.0,78,
79,Aug 2 - 7,134.0,,79,
80,Sep 4 - 9,75.0,,80,
81,Jun 9 - 14,302.0,,81,
82,Jun 4 - 9,248.0,,82,
83,Jun 11 - 16,91.0,,83,
84,Jun 1 - 6,34.0,,84,
85,Jun 5 - 12,154.0,,85,
86,Jun 4 - 9,118.0,,86,
87,Jun 3 - 8,31.0,,87,
88,Jun 11 - 16,112.0,,88,
89,Jul 11 - 16,132.0,,89,
90,Jun 4 - 9,239.0,,90,
91,Aug 7 - 12,291.0,169.0,91,
89,Jul 11 - 16,132.0,42.0,92,
90,Jun 4 - 9,239.0,132.0,93,
92,Jun 4 - 9,230.0,47.0,94,
93,Sep 5 - 10,159.0,161.0,95,
94,Jun 5 - 10,82.0,,96,
95,Jun 11 - 16,233.0,,97,
96,Jun 4 - 9,51.0,,98,
97,Aug 13 - 18,231.0,,99,
98,Jul 3 - 9,162.0,,100,
99,Jun 11 - 16,232.0,,101,
100,Jul 8 - 13,115.0,,102,
101,Jul 9 - 14,57.0,,103,
102,Jun 25 - 30,253.0,,104,
103,Jul 31 - Aug 5,468.0,,105,
104,Jul 9 - 14,127.0,,106,
105,Jul 17 - 22,276.0,,107,
106,Aug 1 - 6,186.0,,108,
107,Jun 25 - 30,58.0,161.0,109,
106,Aug 1 - 6,186.0,192.0,110,
108,Jun 21 - 26,37.0,132.0,111,
109,Jun 4 - 10,244.0,63.0,112,
110,Aug 6 - 11,173.0,49.0,113,
111,Jun 1 - 7,38.0,,114,
112,Jun 14 - 19,302.0,,115,
113,Jun 5 - 10,142.0,,116,
114,Jun 10 - 15,147.0,,117,
115,Jul 29 - Aug 3,228.0,,118,
116,Jun 25 - 30,220.0,,119,
117,Jun 18 - 23,143.0,,120,
118,Jun 23 - 28,89.0,,121,
119,Jun 10 - 15,171.0,,122,
120,Jun 18 - 23,170.0,,123,
121,Jul 29 - Aug 3,61.0,,124,
122,Jun 6 - 11,55.0,,125,
123,Jun 18 - 23,402.0,,126,
124,Jun 18 - 23,32.0,25.0,127,
125,Jun 30 - Jul 5,76.0,67.0,128,
126,Jul 22 - 27,332.0,85.0,129,
127,Jun 10 - 15,80.0,266.0,130,
128,Sep 10 - 15,217.0,330.0,131,
129,Jun 10 - 15,100.0,253.0,132,
130,Jul 23 - 29,57.0,,133,
131,Jun 4 - 9,113.0,,134,
132,Jun 1 - 6,335.0,,135,
133,Jun 4 - 9,57.0,,136,
134,Jun 11 - 16,468.0,,137,
135,Jun 16 - 23,55.0,,138,
136,Jun 29 - Jul 6,101.0,,139,
137,Jun 25 - Jul 2,74.0,,140,
138,Jun 21 - 26,283.0,,141,
139,Jul 17 - 22,220.0,,142,
140,Jun 11 - 16,76.0,,143,
141,Jun 3 - 8,90.0,,144,
141,Jun 3 - 8,90.0,522.0,145,
142,Jun 4 - 9,42.0,96.0,146,
143,Jun 4 - 10,102.0,,147,
144,Jul 27 - Aug 2,164.0,,148,
145,Jun 6 - 11,41.0,,149,
146,Jul 30 - Aug 6,146.0,,150,
147,Jun 11 - 16,114.0,,151,
148,Jun 1 - 6,120.0,,152,
149,Jun 11 - 16,286.0,,153,
150,Jul 31 - Aug 7,229.0,,154,
151,Jun 4 - 9,18.0,,155,
152,Jun 1 - 6,43.0,,156,
153,Jun 4 - 9,743.0,,157,
154,Jun 11 - 16,243.0,,158,
155,Jun 10 - 15,286.0,,159,
156,Jun 5 - 11,160.0,,160,
157,Jun 25 - 30,252.0,,161,
158,Jun 1 - 6,138.0,,162,
159,Jun 4 - 9,86.0,114.0,163,
160,Jun 9 - 16,291.0,191.0,164,
161,Jul 9 - 14,45.0,41.0,165,
162,Jun 11 - 16,173.0,138.0,166,
163,Jul 9 - 14,103.0,89.0,167,
164,Aug 6 - 11,229.0,,168,
165,Jun 4 - 9,165.0,,169,
166,Jun 10 - 15,221.0,,170,
167,Jun 2 - 7,231.0,,171,
168,Jun 1 - 8,247.0,,172,
169,Jun 3 - 10,50.0,,173,
170,Jun 3 - 8,483.0,,174,
171,Nov 16 - 21,185.0,,175,
172,Jul 11 - 16,167.0,,176,
173,Jun 4 - 9,649.0,,177,
174,Jun 11 - 16,99.0,,178,
175,Jun 25 - 30,97.0,,179,
176,Jun 25 - Jul 1,40.0,,180,
177,Jun 4 - 9,302.0,175.0,181,
163,Jul 9 - 14,103.0,114.0,182,
164,Aug 6 - 11,229.0,191.0,183,
165,Jun 4 - 9,165.0,41.0,184,
166,Jun 10 - 15,221.0,138.0,185,
178,Jul 2 - 7,138.0,89.0,186,
179,Sep 12 - 17,189.0,165.0,187,
180,Jun 1 - 6,135.0,48.0,188,
168,Jun 1 - 8,247.0,,189,
172,Jul 11 - 16,167.0,,190,
174,Jun 11 - 16,99.0,,191,
181,Jun 18 - 24,205.0,,192,
182,Jun 1 - 6,148.0,,193,
183,Jun 3 - 8,57.0,,194,
184,Jun 4 - 9,137.0,,195,
185,Sep 24 - 29,126.0,,196,
186,Jun 4 - 9,276.0,,197,
187,Aug 20 - 25,154.0,233.0,198,
188,Jun 13 - 18,82.0,,199,
189,Jun 16 - 21,346.0,,200,
190,Jun 22 - 29,78.0,,201,
191,Jul 24 - 29,89.0,,202,
192,Jun 28 - Jul 3,123.0,,203,
193,Jun 1 - 6,147.0,,204,
194,Jun 25 - 30,210.0,,205,
195,Aug 12 - 17,254.0,,206,
196,Jun 22 - 27,125.0,,207,
197,Jul 8 - 13,173.0,,208,
198,Jul 29 - Aug 3,258.0,,209,
199,Jun 3 - 8,298.0,,210,
200,Sep 10 - 15,127.0,,211,
201,Jun 17 - 24,130.0,,212,
202,Jun 11 - 16,80.0,,213,
203,Jul 16 - 21,130.0,,214,
204,Jun 23 - 28,99.0,,215,
205,Jun 12 - 18,221.0,174.0,216,
206,Jun 5 - 10,116.0,139.0,217,
207,Jun 11 - 16,219.0,61.0,218,
204,Jun 23 - 28,99.0,97.0,219,
208,Jun 3 - 8,117.0,192.0,220,
209,Jul 23 - 28,97.0,126.0,221,
210,Jun 4 - 9,133.0,,222,
211,Jun 6 - 11,72.0,,223,
212,Jun 10 - 15,117.0,,224,
213,Jun 7 - 12,302.0,,225,
214,Jun 26 - Jul 1,43.0,,226,
215,Jun 17 - 22,146.0,,227,
216,Jun 20 - 25,212.0,,228,
217,Jul 9 - 14,144.0,,229,
218,Sep 6 - 12,121.0,,230,
219,Jun 19 - 24,336.0,,231,
220,Jun 4 - 9,108.0,,232,
221,Jul 8 - 14,128.0,,233,
222,Jun 12 - 17,140.0,92.0,234,
223,Jun 9 - 14,199.0,159.0,235,
224,Jul 2 - 8,81.0,140.0,236,
225,Aug 6 - 12,92.0,46.0,237,
226,Aug 20 - 25,162.0,48.0,238,
227,Jun 7 - 12,283.0,192.0,239,
228,Jun 19 - 24,42.0,,240,
229,Jun 24 - 29,184.0,,241,
230,Jul 10 - 15,157.0,,242,
231,Jun 3 - 8,75.0,,243,
232,Aug 5 - 10,115.0,,244,
233,Jun 1 - 6,59.0,,245,
234,Jun 4 - 9,200.0,,246,
235,Jun 5 - 10,107.0,,247,
236,Jun 1 - 6,302.0,,248,
237,Jul 13 - 18,81.0,,249,
238,Jun 3 - 8,51.0,,250,
239,Jun 2 - 7,79.0,,251,
240,Jun 4 - 9,285.0,185.0,252,
241,Jun 11 - 16,140.0,141.0,253,
242,Jun 7 - 13,144.0,136.0,254,
243,Sep 1 - 6,735.0,75.0,255,
244,Jun 1 - 6,78.0,,256,
245,Jun 4 - 9,209.0,,257,
246,Jun 11 - 16,111.0,,258,
247,Jun 11 - 16,112.0,,259,
248,Jun 1 - 6,221.0,,260,
249,Jun 26 - Jul 1,73.0,,261,
250,Jun 8 - 13,78.0,,262,
251,Sep 26 - Oct 2,80.0,,263,
252,Jun 18 - 25,168.0,,264,
253,Jun 4 - 9,166.0,,265,
254,Jun 1 - 6,181.0,,266,
255,Jun 4 - 9,246.0,,267,
256,Jun 10 - 15,55.0,,268,
257,Jun 1 - 6,82.0,,269,
258,Oct 29 - Nov 3,95.0,84.0,270,
259,Jun 10 - 15,111.0,136.0,271,
260,Jun 4 - 9,223.0,167.0,272,
261,Jun 2 - 7,55.0,,273,
262,Aug 28 - Sep 2,178.0,,274,
263,Aug 4 - 9,169.0,,275,
264,Jun 1 - 6,80.0,,276,
265,Jun 23 - 28,93.0,,277,
266,Jun 1 - 6,176.0,,278,
267,Jun 25 - 30,158.0,,279,
268,Jun 5 - 10,139.0,,280,
269,Jul 27 - Aug 1,240.0,,281,
270,Jun 4 - 9,61.0,,282,
271,Aug 2 - 7,115.0,,283,
272,Oct 12 - 17,183.0,,284,
273,Jun 7 - 12,86.0,,285,
274,Oct 10 - 15,61.0,,286,
275,Jun 11 - 16,107.0,,287,
276,Jun 12 - 17,75.0,115.0,288,
277,Jun 11 - 16,147.0,133.0,289,
278,Jun 18 - 23,92.0,118.0,290,
279,Jun 24 - 29,100.0,,291,
280,Jun 15 - 21,135.0,,292,
281,Jun 25 - 30,83.0,,293,
282,Jun 29 - Jul 4,108.0,,294,
283,Jun 11 - 16,121.0,,295,
284,Jun 1 - 6,109.0,,296,
285,Jul 16 - 21,105.0,,297,
286,Jun 2 - 7,128.0,,298,
287,Jun 14 - 20,148.0,,299,
288,Jul 19 - 24,105.0,,300,
289,Jun 18 - 25,96.0,,301,
290,Jun 2 - 7,133.0,,302,
291,May 1 - 6,43.0,,303,
292,Jun 4 - 9,142.0,,304,
293,Jun 25 - 30,225.0,,305,
294,Jun 6 - 13,94.0,84.0,306,
295,Jun 1 - 6,85.0,66.0,307,
296,Jul 16 - 21,216.0,157.0,308,
297,Jun 1 - 6,135.0,,309,
298,Jul 22 - 27,50.0,,310,
299,Jun 6 - 11,136.0,,311,
300,Jun 11 - 16,69.0,,312,
301,Jun 12 - 17,129.0,,313,
302,Jun 12 - 17,184.0,,314,
303,Jun 11 - 16,136.0,,315,
304,Jun 12 - 17,131.0,,316,
305,Jun 2 - 7,159.0,,317,
306,Jun 18 - 25,76.0,,318,
307,Jun 1 - 6,98.0,,319,
308,Jun 24 - 30,44.0,,320,
309,Sep 18 - 23,73.0,,321,
310,Jun 4 - 9,205.0,,322,
311,Jun 24 - 30,48.0,,323,
300,Jun 11 - 16,69.0,66.0,324,
301,Jun 12 - 17,129.0,157.0,325,
303,Jun 11 - 16,136.0,99.0,326,
305,Jun 2 - 7,159.0,,327,
306,Jun 18 - 25,76.0,,328,
307,Jun 1 - 6,98.0,,329,
312,Jun 9 - 14,184.0,,330,
309,Sep 18 - 23,73.0,,331,
310,Jun 4 - 9,205.0,,332,
313,Jun 11 - 16,141.0,,333,
314,Jul 12 - 17,107.0,,334,
315,Jul 5 - 10,112.0,,335,
316,Jun 4 - 9,114.0,,336,
317,Jun 1 - 6,94.0,,337,
318,Jun 3 - 8,86.0,,338,
319,Jun 3 - 8,92.0,,339,
320,Aug 21 - 26,73.0,,340,
321,Jul 25 - 31,135.0,73.0,341,
322,Nov 30 - Dec 5,60.0,67.0,342,
323,Jun 1 - 6,68.0,,343,
324,Jun 2 - 7,85.0,,344,
325,Jul 8 - 13,91.0,,345,
326,Jun 21 - 26,86.0,,346,
327,Jul 14 - 20,328.0,,347,
328,Jun 7 - 12,75.0,,348,
329,Oct 30 - Nov 5,86.0,,349,
330,Jul 9 - 14,93.0,,350,
331,Jul 2 - 7,71.0,,351,
332,Jun 3 - 8,42.0,,352,
333,Oct 9 - 14,43.0,,353,
334,Jun 20 - 25,55.0,,354,
335,Jun 1 - 6,31.0,,355,
336,Jun 1 - 6,84.0,,356,
337,Jun 5 - 12,78.0,,357,
338,Nov 11 - 16,55.0,,358,
339,Jun 1 - 6,85.0,71.0,359,
340,Sep 3 - 10,95.0,78.0,360,
341,Aug 7 - 12,164.0,,361,
342,Jul 16 - 21,73.0,,362,
343,Jun 5 - 10,97.0,,363,
344,Jun 17 - 22,34.0,,364,
345,Nov 14 - 19,100.0,,365,
346,Jun 8 - 13,74.0,,366,
347,Jun 18 - 23,111.0,,367,
348,Jun 29 - Jul 6,526.0,,368,
349,Jun 3 - 8,319.0,,369,
350,Jun 10 - 15,357.0,,370,
351,Jun 26 - Jul 1,61.0,,371,
352,Jun 12 - 17,95.0,,372,
353,Oct 31 - Nov 5,185.0,,373,
354,Sep 16 - 21,67.0,,374,
355,Jun 5 - 10,86.0,,375,
356,Jul 1 - 6,135.0,,376,
346,Jun 8 - 13,74.0,32.0,377,
348,Jun 29 - Jul 6,526.0,,378,
349,Jun 3 - 8,319.0,,379,
350,Jun 10 - 15,357.0,,380,
351,Jun 26 - Jul 1,61.0,,381,
352,Jun 12 - 17,95.0,,382,
353,Oct 31 - Nov 5,185.0,,383,
357,Jul 6 - 11,294.0,,384,
354,Sep 16 - 21,67.0,,385,
358,Jun 11 - 16,80.0,,386,
359,Jun 1 - 6,57.0,,387,
355,Jun 5 - 10,86.0,,388,
360,Jul 8 - 13,70.0,,389,
361,Jun 11 - 16,40.0,,390,
362,Jun 17 - 22,69.0,,391,
363,Jun 4 - 9,49.0,,392,
364,Jun 4 - 9,77.0,154.0,393,
365,Jul 8 - 14,93.0,102.0,394,
366,Jun 8 - 13,104.0,124.0,395,
367,Jun 1 - 6,61.0,259.0,396,
368,Jul 13 - 18,252.0,113.0,397,
369,Jun 5 - 10,58.0,,398,
370,Oct 1 - 6,126.0,,399,
371,Jun 22 - 27,123.0,,400,
372,Jun 1 - 6,231.0,,401,
373,Jun 4 - 10,98.0,,402,
374,Jun 21 - 26,111.0,,403,
375,Jun 11 - 16,141.0,,404,
376,Jul 16 - 21,222.0,,405,
377,Jun 14 - 19,370.0,,406,
378,Jul 21 - 26,111.0,,407,
379,Jun 5 - 10,147.0,,408,
380,Jun 30 - Jul 5,64.0,,409,
381,Jun 1 - 6,16.0,,410,
366,Jun 8 - 13,104.0,154.0,411,
367,Jun 1 - 6,61.0,73.0,412,
368,Jul 13 - 18,252.0,102.0,413,
369,Jun 5 - 10,58.0,124.0,414,
382,Jun 18 - 23,82.0,113.0,415,
373,Jun 4 - 10,98.0,,416,
375,Jun 11 - 16,141.0,,417,
383,Sep 17 - 22,92.0,,418,
376,Jul 16 - 21,222.0,,419,
378,Jul 21 - 26,111.0,,420,
379,Jun 5 - 10,147.0,,421,
380,Jun 30 - Jul 5,64.0,,422,
384,Jun 1 - 6,42.0,,423,
381,Jun 1 - 6,16.0,,424,
385,Jun 8 - 13,61.0,,425,
386,Jun 21 - 28,20.0,,426,
387,Jun 4 - 9,98.0,66.0,427,
388,Jul 2 - 7,57.0,72.0,428,
389,Jun 1 - 6,63.0,114.0,429,
390,Oct 10 - 17,73.0,,430,
391,Jun 1 - 6,87.0,,431,
392,Jun 5 - 10,115.0,,432,
393,Jun 11 - 17,78.0,,433,
394,Jun 1 - 7,61.0,,434,
395,Jun 4 - 9,92.0,,435,
396,Jun 2 - 7,169.0,,436,
397,Oct 24 - 31,127.0,,437,
398,Jun 10 - 15,46.0,,438,
399,Jun 11 - 18,79.0,,439,
400,Jun 12 - 17,93.0,,440,
401,Jun 19 - 26,196.0,,441,
402,Jun 27 - Jul 2,81.0,,442,
403,Jun 1 - 6,25.0,,443,
404,Jun 11 - 17,80.0,,444,
405,Jan 9 - 14,513.0,455.0,445,
406,Jun 21 - 26,117.0,,446,
407,Oct 29 - Nov 3,171.0,,447,
408,Nov 18 - 23,111.0,,448,
409,Jul 4 - 9,420.0,,449,
410,Jun 15 - 20,255.0,,450,
411,Sep 12 - 17,506.0,,451,
412,Jun 1 - 6,469.0,,452,
413,Jun 24 - 29,31.0,,453,
414,Jun 21 - 26,322.0,,454,
415,Jun 1 - 6,240.0,,455,
416,Jun 11 - 16,206.0,,456,
417,Jun 4 - 10,64.0,,457,
418,Jun 1 - 6,264.0,,458,
419,Jun 7 - 12,209.0,,459,
420,Oct 28 - Nov 2,142.0,,460,
421,Sep 3 - 8,251.0,,461,
422,Jun 13 - 20,22.0,,462,
421,Sep 3 - 8,251.0,,463,
423,Nov 6 - 11,111.0,,464,
424,Nov 12 - 17,137.0,,465,
425,Jul 17 - 22,238.0,,466,
426,Oct 14 - 19,126.0,,467,
427,Jun 26 - Jul 1,95.0,,468,
428,Jun 15 - 20,217.0,,469,
429,Oct 28 - Nov 2,458.0,,470,
430,Jun 5 - 10,205.0,,471,
431,Jun 6 - 11,122.0,,472,
432,Jun 12 - 17,183.0,,473,
433,Jul 30 - Aug 4,235.0,,474,
434,Jun 2 - 7,39.0,,475,
435,Nov 8 - 13,136.0,,476,
436,Aug 10 - 16,34.0,,477,
437,Aug 15 - 20,96.0,,478,
438,Jun 15 - 20,63.0,,479,
439,Jun 5 - 10,136.0,62.0,480,
440,Jun 11 - 16,69.0,55.0,481,
441,Jun 6 - 11,164.0,24.0,482,
442,Jul 21 - 28,131.0,39.0,483,
443,Jun 3 - 8,97.0,53.0,484,
444,Jun 12 - 17,33.0,809.0,485,
445,Jun 10 - 17,24.0,116.0,486,
446,Jun 1 - 6,154.0,99.0,487,
447,Jun 9 - 14,49.0,,488,
448,Jun 1 - 6,58.0,,489,
449,Jun 1 - 6,986.0,,490,
450,Jun 1 - 6,30.0,,491,
451,Jun 1 - 6,131.0,,492,
452,Jun 15 - 20,97.0,,493,
453,Jun 6 - 11,162.0,,494,
454,Aug 4 - 11,33.0,,495,
455,Jun 6 - 11,359.0,,496,
456,Jun 3 - 8,142.0,,497,
457,Sep 29 - Oct 4,108.0,110.0,498,
458,Dec 24 - 29,363.0,,499,
459,Nov 16 - 21,133.0,,500,
460,Aug 23 - 30,280.0,,501,
461,Oct 26 - 31,474.0,,502,
462,Nov 14 - 19,484.0,,503,
463,Nov 5 - 10,484.0,,504,
464,Jun 28 - Jul 3,117.0,,505,
465,Oct 6 - 11,92.0,,506,
466,Jun 20 - 25,451.0,,507,
467,Jun 13 - 18,121.0,,508,
468,Oct 6 - 11,53.0,,509,
469,Oct 11 - 16,89.0,,510,
470,Jun 28 - Jul 3,628.0,,511,
471,Jul 2 - 7,473.0,,512,
472,Sep 14 - 20,44.0,,513,
473,Jun 13 - 18,71.0,,514,
474,Oct 16 - 21,267.0,,515,
470,Jun 28 - Jul 3,628.0,189.0,516,
475,Sep 26 - Oct 1,220.0,102.0,517,
471,Jul 2 - 7,473.0,132.0,518,
474,Oct 16 - 21,267.0,,519,
476,Aug 3 - 8,913.0,,520,
477,Aug 2 - 7,194.0,,521,
478,Jul 24 - 29,53.0,,522,
479,Aug 30 - Sep 4,252.0,,523,
480,Sep 30 - Oct 6,458.0,,524,
481,Sep 24 - 29,229.0,,525,
482,Oct 17 - 24,207.0,,526,
483,Oct 25 - 30,33.0,,527,
484,Jun 25 - 30,112.0,,528,
485,Sep 12 - 17,381.0,,529,
486,Sep 25 - 30,202.0,,530,
487,Sep 25 - 30,229.0,,531,
488,Sep 10 - 15,155.0,,532,
489,Oct 28 - Nov 2,176.0,363.0,533,
490,Jun 9 - 14,460.0,275.0,534,
491,Jun 25 - 30,75.0,229.0,535,
492,Jul 3 - 8,128.0,103.0,536,
493,Sep 9 - 14,325.0,,537,
494,Sep 28 - Oct 3,201.0,,538,
495,Nov 23 - 28,125.0,,539,
496,Sep 11 - 16,155.0,,540,
497,Jul 20 - 25,72.0,,541,
498,Aug 7 - 13,252.0,,542,
499,Jul 23 - 28,116.0,,543,
500,Nov 1 - 7,148.0,,544,
501,Sep 27 - Oct 2,72.0,,545,
502,Jul 9 - 14,118.0,,546,
503,Sep 1 - 6,306.0,,547,
504,Aug 19 - 24,130.0,,548,
505,Jul 10 - 15,305.0,,549,
506,Jul 25 - 30,119.0,,550,
502,Jul 9 - 14,118.0,172.0,551,
503,Sep 1 - 6,306.0,63.0,552,
507,Jul 9 - 14,60.0,,553,
508,Jun 16 - 21,189.0,,554,
509,Jun 4 - 11,51.0,,555,
510,Sep 17 - 22,424.0,,556,
511,Jun 26 - Jul 1,490.0,,557,
512,Jun 1 - 6,31.0,,558,
513,Sep 19 - 24,86.0,,559,
514,Jun 4 - 9,71.0,,560,
515,Oct 25 - 30,92.0,,561,
516,Jun 18 - 23,40.0,,562,
517,Sep 27 - Oct 2,166.0,,563,
518,Jul 9 - 14,155.0,,564,
519,Jun 2 - 7,75.0,,565,
520,Oct 15 - 20,201.0,,566,
521,Jun 2 - 7,72.0,31.0,567,
522,Jun 8 - 13,19.0,46.0,568,
523,Jun 8 - 13,40.0,73.0,569,
524,Jun 11 - 16,42.0,,570,
525,Jul 29 - Aug 3,32.0,,571,
526,Oct 12 - 17,157.0,,572,
527,Jun 6 - 11,81.0,,573,
528,Jun 16 - 21,450.0,,574,
529,Jun 30 - Jul 5,53.0,,575,
530,Jun 6 - 11,83.0,,576,
531,Jul 6 - 11,77.0,,577,
532,Jul 5 - 10,35.0,,578,
533,Jun 20 - 25,35.0,,579,
534,Jun 8 - 13,170.0,,580,
535,Jul 30 - Aug 5,163.0,,581,
536,Jun 5 - 10,26.0,,582,
537,Jun 11 - 18,89.0,,583,
538,Jul 3 - 8,69.0,,584,
523,Jun 8 - 13,40.0,31.0,585,
525,Jul 29 - Aug 3,32.0,46.0,586,
539,Jun 5 - 10,71.0,182.0,587,
540,Jul 24 - 30,69.0,,588,
532,Jul 5 - 10,35.0,,589,
541,Jun 5 - 10,186.0,,590,
542,Jun 8 - 15,54.0,,591,
535,Jul 30 - Aug 5,163.0,,592,
538,Jul 3 - 8,69.0,,593,
543,Jun 18 - 23,38.0,,594,
544,Jun 1 - 6,111.0,,595,
545,Aug 18 - 23,198.0,,596,
545,Aug 18 - 23,198.0,182.0,597,
546,Jun 8 - 13,29.0,25.0,598,
547,Jun 3 - 8,96.0,32.0,599,
548,Jun 13 - 19,23.0,33.0,600,
549,Jun 1 - 7,153.0,,601,
550,Jun 16 - 21,41.0,,602,
551,Jun 5 - 10,26.0,,603,
552,Jun 2 - 7,38.0,,604,
553,Aug 27 - Sep 1,159.0,,605,
554,Jun 3 - 8,127.0,,606,
555,Jun 25 - 30,52.0,,607,
556,Jun 22 - 27,79.0,,608,
557,Jun 5 - 10,47.0,,609,
558,Jun 25 - 30,38.0,,610,
559,Dec 1 - 6,237.0,,611,
560,Aug 9 - 16,49.0,,612,
561,Jun 4 - 9,143.0,,613,
562,Jun 10 - 16,129.0,,614,
563,Jun 3 - 8,62.0,21.0,615,
564,Jun 11 - 16,69.0,177.0,616,
565,Sep 2 - 7,286.0,57.0,617,
566,Jun 11 - 16,30.0,34.0,618,
567,Jun 18 - 24,24.0,47.0,619,
568,Jun 1 - 6,252.0,,620,
569,Jun 4 - 9,34.0,,621,
570,Jun 4 - 9,87.0,,622,
571,Jul 7 - 12,132.0,,623,
572,Jun 3 - 8,65.0,,624,
573,Jun 7 - 12,30.0,,625,
574,Oct 10 - 16,194.0,,626,
575,Aug 19 - 24,51.0,,627,
576,Jun 5 - 10,26.0,,628,
577,Jun 25 - 30,64.0,,629,
578,Jun 14 - 19,111.0,,630,
579,Jun 7 - 12,45.0,,631,
580,Jun 1 - 6,53.0,,632,
570,Jun 4 - 9,87.0,16.0,633,
581,Jun 4 - 9,17.0,177.0,634,
582,Oct 30 - Nov 4,76.0,57.0,635,
571,Jul 7 - 12,132.0,34.0,636,
572,Jun 3 - 8,65.0,66.0,637,
574,Oct 10 - 16,194.0,47.0,638,
575,Aug 19 - 24,51.0,22.0,639,
577,Jun 25 - 30,64.0,,640,
579,Jun 7 - 12,45.0,,641,
583,Jun 1 - 6,90.0,,642,
584,Jun 22 - 27,32.0,,643,
585,Jun 30 - Jul 5,24.0,,644,
586,Jul 20 - 25,26.0,,645,
587,Jun 14 - 19,33.0,,646,
588,Aug 21 - 26,262.0,,647,
589,Jun 3 - 8,44.0,,648,
590,Jun 1 - 8,62.0,28.0,649,
571,Jul 7 - 12,132.0,177.0,650,
591,Jun 4 - 9,44.0,57.0,651,
592,Jun 1 - 8,90.0,34.0,652,
572,Jun 3 - 8,65.0,22.0,653,
574,Oct 10 - 16,194.0,,654,
593,Jun 1 - 6,63.0,,655,
575,Aug 19 - 24,51.0,,656,
594,Jun 4 - 10,30.0,,657,
595,Jun 4 - 9,24.0,,658,
596,Jun 30 - Jul 5,98.0,,659,
597,Jun 1 - 6,41.0,,660,
585,Jun 30 - Jul 5,24.0,,661,
598,Jul 25 - 30,33.0,573.0,662,
599,Jun 1 - 6,28.0,38.0,663,
600,Aug 14 - 19,30.0,63.0,664,
601,Jun 1 - 8,56.0,100.0,665,
602,Jun 14 - 19,673.0,,666,
603,Sep 4 - 9,149.0,,667,
604,Jun 6 - 11,44.0,,668,
605,Jun 7 - 12,30.0,,669,
606,Jun 10 - 15,65.0,,670,
607,Jun 4 - 9,49.0,,671,
608,Jun 2 - 7,85.0,,672,
609,Jun 1 - 7,29.0,,673,
610,Jun 11 - 16,29.0,,674,
611,Jun 8 - 13,167.0,,675,
612,Jul 2 - 7,28.0,,676,
613,Jun 1 - 6,144.0,,677,
614,Jun 3 - 10,49.0,,678,
615,Jun 26 - Jul 2,34.0,,679,
616,May 1 - 6,224.0,,680,
617,May 1 - 6,402.0,,681,
618,May 1 - 6,732.0,,682,
3,May 1 - 6,123.0,,683,
619,May 1 - 6,225.0,,684,
620,May 1 - 6,230.0,,685,
10,May 1 - 6,155.0,,686,
621,May 1 - 6,292.0,,687,
622,May 1 - 6,217.0,,688,
623,May 1 - 6,188.0,,689,
624,May 1 - 6,336.0,,690,
625,May 1 - 6,147.0,,691,
19,May 1 - 6,305.0,,692,
626,May 5 - 10,230.0,,693,
627,May 1 - 6,354.0,,694,
628,May 5 - 10,278.0,,695,
629,May 1 - 6,641.0,,696,
31,May 1 - 6,361.0,,697,
630,May 1 - 6,129.0,,698,
631,May 1 - 6,426.0,,699,
632,May 1 - 6,194.0,,700,
633,May 1 - 6,273.0,,701,
634,May 3 - 8,384.0,,702,
635,May 1 - 6,213.0,,703,
636,May 1 - 6,244.0,,704,
637,May 1 - 6,157.0,,705,
638,May 1 - 6,218.0,,706,
639,May 1 - 6,123.0,,707,
640,May 1 - 6,171.0,,708,
641,May 1 - 6,213.0,,709,
642,May 1 - 6,222.0,,710,
643,May 1 - 6,597.0,,711,
644,May 1 - 6,254.0,,712,
645,May 6 - 11,417.0,,713,
646,May 1 - 6,149.0,,714,
647,May 1 - 6,178.0,,715,
648,May 1 - 6,950.0,,716,
649,May 1 - 6,252.0,,717,
650,May 1 - 6,287.0,,718,
651,May 1 - 6,175.0,,719,
652,May 19 - 24,244.0,,720,
653,May 1 - 6,233.0,,721,
654,May 1 - 6,202.0,,722,
655,May 1 - 6,123.0,,723,
656,May 1 - 6,955.0,,724,
657,May 1 - 6,168.0,,725,
658,May 1 - 6,173.0,,726,
659,May 1 - 6,92.0,,727,
660,May 1 - 6,196.0,,728,
661,May 6 - 11,125.0,,729,
662,May 1 - 6,124.0,,730,
663,May 1 - 6,155.0,,731,
664,May 1 - 6,53.0,,732,
665,May 1 - 6,184.0,,733,
666,May 1 - 6,229.0,,734,
667,May 1 - 6,231.0,,735,
668,May 1 - 6,151.0,,736,
669,May 1 - 6,98.0,,737,
670,May 1 - 6,358.0,,738,
671,May 1 - 6,188.0,,739,
672,May 1 - 6,155.0,,740,
102,May 1 - 6,276.0,,741,
673,May 5 - 10,190.0,,742,
674,May 1 - 6,115.0,,743,
675,May 1 - 6,155.0,,744,
676,May 1 - 6,230.0,,745,
677,May 1 - 6,124.0,113.0,746,
678,May 1 - 6,202.0,,747,
679,May 1 - 6,90.0,,748,
680,May 1 - 6,321.0,,749,
681,May 1 - 6,90.0,,750,
682,May 3 - 8,122.0,,751,
683,May 1 - 6,184.0,,752,
684,May 1 - 6,82.0,,753,
685,May 1 - 6,163.0,,754,
686,May 1 - 6,246.0,,755,
687,May 1 - 6,170.0,,756,
688,May 1 - 6,100.0,,757,
689,May 1 - 6,179.0,,758,
690,May 4 - 9,132.0,,759,
691,May 1 - 6,188.0,,760,
692,May 1 - 6,106.0,,761,
693,May 1 - 6,190.0,,762,
694,May 1 - 6,134.0,,763,
692,May 1 - 6,106.0,610.0,764,
693,May 1 - 6,190.0,338.0,765,
694,May 1 - 6,134.0,120.0,766,
695,May 1 - 6,90.0,135.0,767,
696,May 1 - 6,668.0,218.0,768,
697,May 1 - 6,494.0,,769,
698,May 1 - 6,374.0,,770,
699,May 1 - 6,219.0,,771,
700,May 1 - 6,111.0,,772,
701,May 1 - 6,132.0,,773,
702,May 1 - 6,209.0,,774,
703,May 2 - 7,213.0,,775,
704,May 1 - 6,306.0,,776,
705,May 1 - 6,169.0,,777,
706,May 1 - 6,259.0,,778,
707,May 1 - 6,239.0,,779,
708,May 1 - 6,126.0,,780,
709,May 1 - 6,98.0,,781,
710,May 1 - 6,90.0,218.0,782,
709,May 1 - 6,98.0,,783,
711,May 1 - 6,113.0,,784,
712,May 1 - 6,184.0,,785,
713,May 3 - 8,143.0,,786,
714,May 1 - 6,145.0,,787,
715,May 1 - 6,117.0,,788,
716,May 10 - 15,208.0,,789,
717,May 1 - 6,114.0,,790,
718,May 1 - 6,223.0,,791,
719,May 1 - 6,260.0,,792,
720,May 1 - 6,153.0,,793,
721,May 1 - 6,138.0,,794,
722,May 19 - 24,250.0,,795,
723,May 1 - 6,108.0,148.0,796,
724,May 1 - 6,286.0,112.0,797,
725,May 1 - 6,186.0,103.0,798,
163,May 1 - 6,199.0,,799,
164,May 1 - 6,229.0,,800,
726,May 1 - 6,160.0,,801,
727,May 1 - 6,64.0,,802,
728,May 1 - 6,112.0,,803,
171,May 1 - 6,222.0,,804,
729,May 1 - 6,81.0,,805,
730,May 1 - 6,170.0,,806,
181,May 1 - 6,122.0,,807,
731,May 1 - 6,91.0,,808,
732,May 1 - 6,145.0,,809,
733,May 1 - 6,112.0,,810,
734,May 23 - 28,355.0,,811,
735,May 1 - 6,127.0,,812,
736,May 1 - 6,159.0,,813,
737,May 9 - 14,237.0,,814,
738,May 1 - 7,184.0,,815,
739,May 1 - 6,149.0,,816,
740,May 1 - 6,225.0,,817,
741,May 1 - 6,276.0,,818,
742,May 1 - 6,132.0,,819,
743,May 1 - 6,260.0,,820,
744,May 1 - 6,105.0,,821,
745,May 4 - 9,248.0,,822,
746,May 1 - 6,144.0,,823,
747,May 6 - 11,379.0,,824,
748,May 1 - 6,385.0,,825,
749,May 11 - 16,209.0,,826,
750,May 1 - 6,142.0,,827,
751,May 1 - 6,219.0,,828,
752,May 1 - 6,194.0,,829,
753,May 1 - 6,242.0,,830,
188,May 1 - 6,82.0,,831,
754,May 1 - 6,102.0,,832,
755,May 1 - 6,103.0,,833,
756,May 1 - 6,100.0,,834,
757,May 1 - 6,144.0,,835,
758,May 1 - 6,133.0,,836,
759,May 1 - 6,116.0,,837,
760,May 6 - 11,798.0,,838,
761,May 1 - 6,115.0,,839,
762,May 11 - 16,113.0,,840,
763,May 1 - 8,277.0,,841,
764,May 1 - 6,300.0,,842,
765,May 1 - 6,114.0,,843,
766,May 1 - 6,225.0,,844,
767,May 1 - 6,160.0,,845,
768,May 1 - 6,171.0,,846,
769,May 1 - 6,323.0,,847,
770,May 1 - 8,181.0,,848,
771,May 1 - 6,91.0,161.0,849,
772,May 1 - 6,222.0,,850,
773,May 1 - 7,132.0,,851,
774,May 1 - 6,143.0,,852,
775,May 1 - 6,305.0,,853,
776,May 1 - 6,327.0,,854,
777,May 1 - 6,117.0,,855,
778,May 1 - 6,101.0,,856,
779,May 1 - 6,253.0,,857,
780,May 1 - 6,143.0,,858,
781,May 1 - 6,165.0,,859,
782,May 1 - 6,247.0,,860,
783,May 1 - 6,176.0,,861,
784,May 1 - 6,260.0,,862,
785,May 11 - 16,253.0,,863,
786,May 4 - 9,99.0,,864,
787,May 1 - 6,118.0,,865,
788,May 1 - 6,113.0,,866,
789,May 1 - 6,112.0,,867,
790,May 1 - 6,107.0,,868,
791,May 1 - 6,106.0,,869,
792,May 1 - 6,135.0,,870,
793,May 1 - 6,224.0,,871,
794,May 7 - 12,209.0,,872,
795,May 1 - 6,220.0,,873,
225,May 1 - 6,104.0,,874,
796,May 1 - 6,136.0,,875,
797,May 1 - 6,153.0,,876,
798,May 1 - 6,125.0,,877,
799,May 1 - 6,236.0,,878,
800,May 1 - 6,103.0,,879,
801,May 1 - 6,101.0,,880,
802,May 1 - 6,434.0,,881,
803,May 1 - 6,117.0,,882,
804,May 1 - 6,143.0,,883,
805,May 1 - 7,313.0,,884,
806,May 1 - 6,88.0,,885,
807,May 4 - 9,148.0,,886,
808,May 1 - 6,106.0,,887,
809,May 1 - 6,119.0,,888,
810,May 1 - 6,104.0,,889,
811,May 1 - 6,173.0,,890,
812,May 1 - 6,320.0,,891,
813,May 1 - 6,212.0,,892,
814,May 1 - 6,121.0,,893,
815,May 1 - 6,113.0,,894,
816,May 1 - 6,149.0,,895,
817,May 1 - 6,191.0,,896,
818,May 1 - 6,271.0,,897,
819,May 1 - 6,321.0,,898,
820,May 8 - 15,722.0,,899,
821,May 1 - 6,157.0,,900,
822,May 1 - 6,342.0,,901,
823,May 1 - 6,151.0,,902,
823,May 1 - 6,151.0,159.0,903,
824,May 1 - 6,115.0,,904,
825,May 1 - 6,178.0,,905,
826,May 13 - 18,272.0,,906,
827,May 1 - 6,124.0,,907,
828,May 1 - 6,181.0,,908,
829,May 1 - 6,140.0,,909,
830,May 1 - 6,339.0,,910,
831,May 1 - 6,215.0,,911,
832,May 1 - 6,174.0,,912,
833,May 1 - 6,218.0,,913,
834,May 1 - 6,196.0,,914,
835,May 1 - 6,141.0,,915,
836,May 1 - 6,43.0,,916,
837,May 1 - 6,73.0,,917,
838,May 7 - 12,233.0,,918,
839,May 1 - 6,106.0,,919,
