detail	date	price(in_dollar)	number_of_bed	rating_value	amount_of_answers	property_type	city	country	state
Sky Haus - A-Frame Cabin	Jun 11 - 16	306.0	4 beds	4.85	531	Chalet	Skykomish	US	Washington
The Catskill A-Frame - Mid-Century Modern Cabin	Jun 6 - 11	485.0	4 beds	4.77	146	Cabin	Hancock	US	New York
The Triangle: A-Frame Cabin for your city retreat	Jul 9 - 14	119.0	4 beds	4.91	515	Cabin	West Farmington	US	Ohio
*Summer Sizzle* 5 Min to Blue Ridge* Pets* Hot tub	Jun 11 - 16	192.0	5 beds	4.94	88	Home	Blue Ridge	US	Georgia
Luxury Treehouse Couples Getaway w/ Peaceful Views	Jun 4 - 9	232.0	1 queen bed	4.99	222	Treehouse	Grandview	US	Texas
Casa Tiny near Casa Wabi	Jun 21 - 26	261.0	1 double bed	4.84	555	Tiny home	Puerto Escondido	Mexico	
The Beach House. Oceanfront & Sunrise Views!	Jun 4 - 9	607.0	2 queen beds	4.64	90	Home	Saco	US	Maine
• Cedar Peak • 2 Bedroom Barrier-Free Chalet	Jun 8 - 15	381.0	2 beds	5.0	48	Chalet	Grand Étang	Canada	
Room in apartment, traditional neighborhood	Jul 3 - 8	29.0	2 beds	4.84	58	Room	Mexico City	Mexico	
Peacock Tiny House near Las Vegas	Jun 26 - Jul 1	154.0	3 beds	4.92	744	Tiny home	Sandy Valley	US	Nevada
Hidden Valley’s Guest Suite - explore nature	Sep 4 - 10	207.0	2 beds	4.97	265	Guest suite	Huntsville	Canada	
Downey Family Cabin. Barrel Sauna Included!	Jun 1 - 6	162.0	2 king beds	4.99	226	Cabin	Nelson	Canada	
Dome in the Desert in Joshua Tree	Jun 1 - 6	268.0	1 king bed	4.94	944	Dome	Joshua Tree	US	California
Private Barn Studio at Pura Vida Florida Farm	Sep 11 - 16	111.0	2 double beds	4.95	417	Barn	Vero Beach	US	Florida
Cozy Tiny House Cabin between Burlington and Stowe	Jun 1 - 6	174.0	2 queen beds	4.97	372	Tiny home	Bolton	US	Vermont
Peace Cabin - private waterfront forest retreat	Sep 8 - 13	497.0	1 king bed	4.99	69	Cabin	Ucluelet	Canada	
14th Homestead Barn Loft	Jun 11 - 16	163.0	1 king bed	4.9	289	Barn	Essex	Canada	
Lagoon Front Hut: Daily Cleaning, Bikes & Kayaks!	Jun 18 - 23	141.0	1 king bed	4.89	633	Apartment	Bacalar	Mexico	
The Forestry House - A modern luxury treehouse.	Aug 20 - 25	282.0	1 bed	0.0	0	Treehouse	Travelers Rest	US	South Carolina
Underground Hobbit Hole @ Sustainable Ecovillage	Jun 9 - 14	89.0	1 bed	4.54	195	Farm stay	Del Norte County	US	California
Rainforest Tree House with Hot Springs	Aug 31 - Sep 5	132.0	3 beds	4.84	763	Treehouse	San Carlos	Costa Rica	
Tullihas in the Trees Off-Grid Treehouse	Jun 4 - 9	143.0	2 beds	4.98	181	Treehouse	Frazeysburg	US	Ohio
SECLUDED LAKESIDE CABIN	Jul 23 - 28	463.0	3 beds	4.99	172	Cabin	Rodney	Canada	
Fauria Colonial House (Room 3)	Jun 21 - 26	29.0	1 bed	4.92	75	Room	La Habana	Cuba	
Domeland: Off-grid Adobe Dome near Big Bend	Jul 9 - 14	136.0	5 beds	4.95	863	Dome	Terlingua	US	Texas
Lake Sutherland Waterfront Cabin w/ Expansive Dock	Sep 1 - 6	688.0	1 king bed	4.82	83	Home	Port Angeles	US	Washington
Luxury Tree House X Magical Romantic Forest! Pool!	Jun 18 - 23	658.0	1 king bed	4.91	142	Treehouse	Fredericksburg	US	Texas
Scandinavian-Inspired Tiny Home Experience	Sep 3 - 8	392.0	2 beds	4.98	95	Cottage	Harcourt	Canada	
Tiny House Cubo Nube Santa Elena 40 min. Medellin.	Jun 17 - 22	67.0	1 queen bed	4.95	197	Tiny home	Medellín	Colombia	
Chalet Boutique Saltamontes Santa Elena	Jun 4 - 9	51.0	2 beds	4.94	232	Cabin	Medellín	Colombia	
Secluded View! A-Frame Hot Tub and Fire Pit	Jun 19 - 24	354.0	1 queen bed	4.95	20	Cabin	Bryson City	US	North Carolina
★ BubbleSky Glamping ★ One Night Under Stars ★3	Jun 23 - 28	107.0	2 king beds	4.9	154	Place to stay	Retiro	Colombia	
Cozy Oceanview Cabin	Jul 14 - 21	102.0	1 king bed	4.88	76	Cabin	Bluefields	Jamaica	
Hut #1 Romantic Luxury Beachfront	Jul 1 - 6	171.0	2 beds	4.89	377	Hut	Bavaro	Dominican Republic	
Treehouse w/Breathtaking Views+HotTub+Hiking+Falls	Aug 12 - 17	286.0	1 queen bed	5.0	21	Treehouse	Marion	US	North Carolina
“Whimsical Stone Abode” - Boston Magazine	Jun 6 - 11	301.0	1 queen bed	5.0	244	Dome	Sandgate	US	Vermont
Buddha Loft in Romantic Zone of Puerto Vallarta	Jul 12 - 17	112.0	1 bed	4.85	175	Condo	Puerto Vallarta	Mexico	
The G Frame...an offGrid Cabin + woodstove sauna	Jun 4 - 9	169.0	2 king beds	4.96	395	Cabin	Sanbornton	US	New Hampshire
Casa Blanca B&B with beautiful terrace &sea views	Sep 11 - 16	43.0	2 king beds	4.82	359	Room	La Habana	Cuba	
Walk to the Beach from this Ocean Front Home	Jun 1 - 6	1463.0	9 beds	4.94	149	Home	Moss Beach	US	California
Cozy Modern Beach House w/ Pool, Hot Tub & More!	Jun 4 - 11	764.0	2 queen beds	4.74	19	Cottage	Wheatley	Canada	
Crystal Cabin, Restored Vintage Lodge in Topanga State Park	Jun 3 - 8	225.0	1 double bed	4.94	209	Cabin	Topanga	US	California
Casa Anís	Jun 1 - 6	40.0	3 beds	4.96	202	Chalet	Cajicá	Colombia	
Warm Pine A-frame Nestled In The Trees!	Jul 1 - 6	287.0	1 double bed	4.79	536	Cabin	Center Conway	US	New Hampshire
Hambrook Point Cottage “Homestead”	Jun 25 - 30	93.0	3 beds	4.87	360	Cottage	Renous	Canada	
O’s Barn Cabin	Jul 4 - 9	118.0	2 double beds	4.94	296	Tiny home	Huntsville	US	Missouri
"Artsy ""Glamping"" experience"	Jul 21 - 26	138.0	3 beds	4.91	278	Tiny home	Castleton	Canada	
Seamist Beach Cottage, Private Beach & Ocean views	Aug 13 - 18	670.0	2 beds	4.7	256	Cottage	Bodega Bay	US	California
100+ Year old Rustic Log Cabin near Ghost Lake	Aug 25 - 30	135.0	1 sofa bed	4.83	459	Cabin	Rocky View County	Canada	
The Dragon + Private Island	Jun 1 - 6	178.0	1 queen bed	4.87	61	Houseboat	Low	Canada	
Private Cottage, enjoy beach, sunsets & fishing.	Jul 11 - 16	218.0	3 beds	4.89	314	Guesthouse	Key Largo	US	Florida
Malibu, Carbon Beach - Suite Seven	Jun 6 - 13	898.0	2 queen beds	4.86	311	Condo	Malibu	US	California
Waterfront Cottage #1 /Waterfront cottage	Jun 4 - 9	144.0	2 queen beds	4.92	267	Cottage	Petit-Tracadie	Canada	
Harrell’s Cabin	Jun 4 - 9	125.0	2 queen beds	4.82	612	Cabin	Jarratt	US	Virginia
6 Ibuku Big Cabin by Lake Jacuzzi Kayak	Jun 12 - 17	220.0	7 beds	4.93	46	Cabin	El Peñol	Colombia	
The Brite House - Oceanfront Sojourn	Jun 6 - 11	305.0	3 beds	4.87	319	Guest suite	North Vancouver	Canada	
♨ Cedar Coast Lodge - Coastal retreat w/ HOT TUB	Jun 4 - 9	480.0	5 beds	4.82	125	Home	Shirley	Canada	
LUXURY 5★s ICON BRICKELL CONDO@47TH, GYM/POOL	Jun 27 - Jul 4	398.0	2 beds	4.89	605	Apartment	Miami	US	Florida
Mansion in the Park - garden view queen en suite	Jun 4 - 10	148.0	3 queen beds	4.99	93	Room	Kansas City	US	Missouri
Dome L'Albatros | Private Spa | BBQ Zone	Jul 25 - 31	322.0	6 beds	4.86	196	Dome	Lac-Supérieur	Canada	
The Majesta ! Incredible Sunset !	Jun 1 - 6	315.0	1 king bed	5.0	11	Chalet	Saint-Damien	Canada	
Heaven Lodge, entire house surrounded by nature	Jun 2 - 7	128.0	1 king bed	4.86	155	Home	Tulum	Mexico	
☆King Bed Apartment☆ Suk-Ha ☆ La Veleta	Jun 1 - 6	55.0	4 beds	4.6	73	Apartment	Tulum	Mexico	
Newly-Constructed Riverfront Chalet	Jun 4 - 9	360.0	2 beds	4.97	95	Chalet	Durham	Canada	
Yellowstone Luxury Tent; sleeps 3, 1 king +1 futon	Jun 15 - 20	224.0	2 queen beds	5.0	31	Tent	Island Park	US	Idaho
A-Frame Apogee | Hot Tub · Epic Views · Swing Set	Jun 19 - 24	227.0	1 queen bed	4.96	166	Cabin	Arrowbear Lake	US	California
The Nest at Crash Boat. Only waterfront on Beach	Aug 7 - 12	363.0	3 beds	4.9	143	Home	Borinquen	Puerto Rico	
Cozy Riverfront Cottage Retreat with Dock	Jun 11 - 16	232.0	1 bed	4.84	55	Cottage	Wasaga Beach	Canada	
The Ruby -A Rustic Red Ark tiny home	Jun 18 - 23	81.0	2 beds	4.98	43	Tiny home	Blockhouse	Canada	
Romantic lakefront estate with lake view & deck	Jun 2 - 7	271.0	2 beds	5.0	311	Guesthouse	Peachland	Canada	
The Vermont Dream Cabin on 70 Acres	Jun 4 - 9	219.0	1 king bed	4.89	136	Cabin	Shaftsbury	US	Vermont
Jungle Lodge at Nahouse in Tulum	Jun 1 - 6	109.0	1 king bed	0.0	0	Cabin	Tulum	Mexico	
Cougar Dome at Winderdome Resort!	Aug 27 - Sep 1	335.0	3 beds	5.0	16	Dome	Windermere	Canada	
Cool Clean Condo with Brilliant Oceanfront View	Jun 25 - Jul 1	261.0	2 beds	4.58	108	Condo	Myrtle Beach	US	South Carolina
Beachfront Laguna Beach Magnificent Oceanviews 26	Jun 1 - 6	287.0	2 queen beds	4.38	396	Hotel room	Laguna Beach	US	California
Su mejor opción en Playa del Carmen, a pasos de la quinta av.	Jun 4 - 9	89.0	2 beds	4.78	231	Apartment	Playa del Carmen	Mexico	
Cozy Cabin #2 - private cabin in the wilderness!	Jun 4 - 9	71.0	2 beds	4.89	90	Tiny home	Maynooth	Canada	
Villa Vista Puerto	Jun 26 - Jul 1	138.0	2 sofa beds	4.86	493	Guesthouse	Cabo Rojo	Puerto Rico	
Split View Two	Aug 2 - 7	134.0	1 double bed	4.95	81	Tiny home	Canning	Canada	
The Sugar Shack a unique cabin in the Rainforest	Sep 4 - 9	75.0	2 beds	4.92	447	Cottage	Luquillo	Puerto Rico	
Noelani-My Perfect Stays Special: Jun 9-16 $189	Jun 9 - 14	302.0	1 king bed	4.82	71	Condo	Lahaina	US	Hawaii
Amazing Hyde One-bedroom apartment on the Beach	Jun 4 - 9	248.0	2 beds	4.56	62	Condo	Hollywood	US	Florida
East hill cabins #1	Jun 11 - 16	91.0	2 beds	4.82	334	Cabin	Naples	US	New York
Sunset Wilderness Camp	Jun 1 - 6	34.0	1 bed	4.0	3	Campsite	Nemaiah Valley	Canada	
Chateau Ridge Chalet w/ Mountain View	Jun 5 - 12	154.0	4 beds	4.84	95	Loft	The Blue Mountains	Canada	
Cozy Blue Mountain Retreat @!@Spring Rates@!@	Jun 4 - 9	118.0	2 queen beds	4.72	365	Loft	The Blue Mountains	Canada	
5 min to Airport with Terrace in a Safe area !	Jun 3 - 8	31.0	1 queen bed	4.85	227	Room	Mexico City	Mexico	
The Cabin at Fernwood Hills	Jun 11 - 16	112.0	1 king bed	4.9	597	Tiny home	Komoka	Canada	
Hut #3 Romantic Luxury on the sand	Jul 11 - 16	132.0	2 beds	4.86	29	Place to stay	Punta Cana	Dominican Republic	
State Park A-Frame with Hiking Trails & Arcade	Jun 4 - 9	239.0	2 beds	4.97	29	Home	Hilbert	US	Wisconsin
Luxury Dome w/ Hot Tub & Mountain View	Aug 7 - 12	291.0	2 beds	5.0	11	Dome	Whittier	US	North Carolina
Hut #3 Romantic Luxury on the sand	Jul 11 - 16	132.0	1 king bed	4.86	29	Place to stay	Punta Cana	Dominican Republic	
State Park A-Frame with Hiking Trails & Arcade	Jun 4 - 9	239.0	2 beds	4.97	29	Home	Hilbert	US	Wisconsin
House with pool in the heights of Santa Teresa	Jun 4 - 9	230.0	3 beds	5.0	6	Home	Puntarenas Province	Costa Rica	
Kapetsowa Container Loft near Monteverde Reserve	Sep 5 - 10	159.0	2 queen beds	4.87	396	Loft	Monteverde	Costa Rica	
Cabin Over a water fall	Jun 5 - 10	82.0	1 bed	4.94	133	Nature lodge	Quesada	Costa Rica	
Cozy Houseboat “Wild One”	Jun 11 - 16	233.0	2 beds	5.0	4	Boat	Key West	US	Florida
Pipe’s Lodge	Jun 4 - 9	51.0	1 double bed	4.87	31	Cabin	Zapotal	Costa Rica	
New Carriage House * 1 Block to Beach * King Bed!	Aug 13 - 18	231.0	1 king bed	0.0	0	Guesthouse	Destin	US	Florida
Beachfront Bungalow with private hydromassage Pool	Jul 3 - 9	162.0	1 queen bed	4.95	149	Tiny home	Playa Hermosa	Costa Rica	
Bellingham A-Frame - Hot tub & Firepit	Jun 11 - 16	232.0	2 beds	0.0	0	Home	Bellingham	US	Washington
Villa Bohème 3, 1BR with Patio	Jul 8 - 13	115.0	1 bed	0.0	0	Apartment	San Juan	Puerto Rico	
Loft Boutique Cd de México Mountain view 🏔	Jul 9 - 14	57.0	1 queen bed	4.84	155	Loft	Mexico City	Mexico	
New lux cabin w/mount index view	Jun 25 - 30	253.0	2 beds	4.86	7	Cabin	Gold Bar	US	Washington
Guesthouse Great Ocean & Mountain Views near Beach	Jul 31 - Aug 5	468.0	1 queen bed	4.87	694	Home	Malibu	US	California
The Little Tree House at Country Club of Orlando	Jul 9 - 14	127.0	1 queen bed	4.98	604	Tiny home	Orlando	US	Florida
Paradise awaits on this cozy houseboat!	Jul 17 - 22	276.0	1 king bed	4.77	98	Boat	Marathon	US	Florida
Hut #2 Romantic Luxury on the sand	Aug 1 - 6	186.0	2 beds	4.94	226	Hut	Uvero Alto - Bavaro - Punta Cana	Dominican Republic	
Loft ALAMO /El Refugio Cabañas Mazamitla	Jun 25 - 30	58.0	2 king beds	4.44	146	Loft	Mazamitla	Mexico	
Hut #2 Romantic Luxury on the sand	Aug 1 - 6	186.0	2 beds	4.94	226	Hut	Uvero Alto - Bavaro - Punta Cana	Dominican Republic	
Pool View Beach Residence / Private Beach Access	Jun 21 - 26	37.0	1 queen bed	4.71	156	Apartment	Punta Cana	Dominican Republic	
Eagles Nest Treehouse w/Hot tub!	Jun 4 - 10	244.0	3 beds	0.0	0	Treehouse	Wardensville	US	West Virginia
Modern Houseboat On the water	Aug 6 - 11	173.0	1 bed	4.97	264	Boat	Stuart	US	Florida
BoHo lofts & studios new modern w/ ocean-view pool	Jun 1 - 7	38.0	1 queen bed	4.59	183	Apartment	Playa del Carmen	Mexico	
Oceanfront 14th Floor Brand New Beachfront Flat	Jun 14 - 19	302.0	2 beds	4.85	646	Condo	Miami Beach	US	Florida
Hobbithenge	Jun 5 - 10	142.0	1 double bed	4.83	304	Earthen home	Weaverville	US	North Carolina
Beachfront Bungalow w/ private hydromassage pool 2	Jun 10 - 15	147.0	2 beds	4.9	68	Shipping container	Playa Hermosa	Costa Rica	
Luxury Treehouse, Romantic, Views, Hike-Waterfall	Jul 29 - Aug 3	228.0	1 bed	5.0	18	Cabin	Marion	US	North Carolina
Quiet and Private Retreat in a 1967 Airstream on the Coast.	Jun 25 - 30	220.0	2 beds	4.93	347	Camper/RV	Half Moon Bay	US	California
Tiny Dome River Glamping Experience	Jun 18 - 23	143.0	1 queen bed	4.86	289	Dome	Hiawassee	US	Georgia
New Boho Sabana Apartment Close to Airports w/ AC	Jun 23 - 28	89.0	1 bed	4.85	81	Apartment	San José	Costa Rica	
Elegant Ocean Front Condo! Rosarito Beach !WOW!!	Jun 10 - 15	171.0	2 queen beds	4.81	245	Condo	Rosarito	Mexico	
Highest Reviewed - Ocean Front + Free Parking!	Jun 18 - 23	170.0	2 queen beds	4.85	278	Condo	Atlantic City	US	New Jersey
The Dawn of Annapurna Cabin	Jul 29 - Aug 3	61.0	1 queen bed	4.87	188	Cabin	Santa Marta	Colombia	
Cabo Center,Ocean view Great price!	Jun 6 - 11	55.0	1 king bed	4.94	615	Home	Cabo San Lucas	Mexico	
nortehaus - Nordic and Japanese inspired escape	Jun 18 - 23	402.0	2 queen beds	5.0	24	Home	Kawartha Lakes	Canada	
Architect's Loft in Cholula	Jun 18 - 23	32.0	1 queen bed	4.81	202	Loft	Cholula	Mexico	
Jungle house 3km to Jaco beach & town center	Jun 30 - Jul 5	76.0	2 queen beds	4.84	153	Cabin	Jacó	Costa Rica	
Malibu Charming GH, Mins Drive to Beach & Hike	Jul 22 - 27	332.0	1 queen bed	4.78	558	Tiny home	Malibu	US	California
Studio near Disney	Jun 10 - 15	80.0	1 king bed	4.43	132	Apartment	Orlando	US	Florida
Charming Treehouse with Pool	Sep 10 - 15	217.0	1 bed	5.0	172	Treehouse	Río Grande	Puerto Rico	
Oceanfront loft	Jun 10 - 15	100.0	2 beds	4.92	177	Loft	Mazatlán	Mexico	
Majestic Ocean Front Terrace II	Jul 23 - 29	57.0	2 queen beds	4.83	240	Apartment	Cancún	Mexico	
New! Bamboo Bosque Mio (Stars & Campfires)	Jun 4 - 9	113.0	3 beds	4.82	56	Home	Real Montecassino	Mexico	
Cabin for 2 w/ Hot Tub, Muskoka Romantic Getaway	Jun 1 - 6	335.0	1 queen bed	4.97	179	Cottage	Huntsville	Canada	
Old Havana+Cuban Style Place+Roof Top+WiFi	Jun 4 - 9	57.0	1 king bed	4.48	161	Apartment	La Habana	Cuba	
Heated Pool, Putt Putt Golf	Jun 11 - 16	468.0	5 beds	4.93	15	Home	Vero Beach	US	Florida
Guest Suite in Historic Architecture Home	Jun 16 - 23	55.0	2 queen beds	4.82	443	Room	Cuauhtémoc	Mexico	
$87 a night Molokai Escape Condo	Jun 29 - Jul 6	101.0	1 double bed	4.76	337	Condo	Kaunakakai	US	Hawaii
Treehouse on a Coffee Farm with Ocean View	Jun 25 - Jul 2	74.0	1 king bed	5.0	13	Treehouse	Atenas	Costa Rica	
Design Casa Patchouli with private pool and lounge	Jun 21 - 26	283.0	1 double bed	4.98	80	Apartment	Tulum	Mexico	
Pequeño espacio Romántico piscina y muelle privado	Jul 17 - 22	220.0	1 bed	4.95	139	Shipping container	Jauca	Puerto Rico	
Haven in the Woods- tiny home WiFi & solar power	Jun 11 - 16	76.0	1 king bed	5.0	4	Tiny home	Peachland	Canada	
Mimosa Y - Beautiful Unique Container Home w' Pool	Jun 3 - 8	90.0	1 king bed	4.85	54	Shipping container	Puerto Viejo de Talamanca	Costa Rica	
Mimosa Y - Beautiful Unique Container Home w' Pool	Jun 3 - 8	90.0	1 king bed	4.85	54	Shipping container	Puerto Viejo de Talamanca	Costa Rica	
COMFORTABLE BEACH DEPA OVERLOOKING THE SEA	Jun 4 - 9	42.0	1 bed	4.57	226	Apartment	Acapulco	Mexico	
Waterfront Glamping Muddy Creek PA	Jun 4 - 10	102.0	1 king bed	4.95	22	Yurt	Airville	US	Pennsylvania
2 Pools on property | Walk to the beach | Rosalina Ocean Park | Luxury Suite 3	Jul 27 - Aug 2	164.0	2 queen beds	4.81	212	Boutique hotel	San Juan	Puerto Rico	
Love nest when singing of the Sea!	Jun 6 - 11	41.0	9 beds	4.68	266	Room	Acapulco	Mexico	
Casa La Paz vistas al mar @ Pinilla Highlands	Jul 30 - Aug 6	146.0	1 bed	4.86	7	Home	Pinilla	Costa Rica	
Lovely farm cabin experience	Jun 11 - 16	114.0	2 beds	5.0	5	Farm stay	Siler City	US	North Carolina
Pine River Bunkies: Heron’s Landing Off Grid Cabin	Jun 1 - 6	120.0	2 beds	4.89	103	Tiny home	Horning's Mills	Canada	
The Alpine Airstream at Mt. Rainier with Hot Tub	Jun 11 - 16	286.0	1 queen bed	5.0	11	Camper/RV	Ashford	US	Washington
Surf, Sand & Sunsets - Goldenrod CdM BEACH STUDIO	Jul 31 - Aug 7	229.0	3 beds	4.8	289	Bungalow	Newport Beach	US	California
Refugio LOS PAPIROS	Jun 4 - 9	18.0	3 beds	4.89	66	Hut	Guarne	Colombia	
Beach crab.	Jun 1 - 6	43.0	3 beds	4.74	270	Room	Acapulco	Mexico	
Fire & Water | Rejuvenating Stay on the Riverbend	Jun 4 - 9	743.0	1 double bed	4.83	175	Cabin	Fennville	US	Michigan
Black rose -Right house-	Jun 11 - 16	243.0	1 queen bed	4.63	275	Home	Tamanique	El Salvador	
Casa El Paraiso, Las Galeras (room #5)	Jun 10 - 15	286.0	3 beds	4.94	270	Nature lodge	Las Galeras	Dominican Republic	
Holistic House Diamond	Jun 5 - 11	160.0	3 beds	4.96	274	Room	Monteverde	Costa Rica	
Malibu Serene Guest House, Mins to Beach & Hike	Jun 25 - 30	252.0	3 beds	4.77	298	Tiny home	Malibu	US	California
Free Transportation / Premium Beach Loft 1711th	Jun 1 - 6	138.0	3 beds	5.0	15	Apartment	Cancún	Mexico	
Cozy cabin on 5 acres !	Jun 4 - 9	86.0	2 beds	4.73	124	Cabin	Gilmour	Canada	
OceanfrontStudio-Slps4-Pool-Pickleball-HBOMax-Dis+	Jun 9 - 16	291.0	2 beds	4.94	80	Condo	Ocean City	US	Maryland
Amazing Ocean Front II	Jul 9 - 14	45.0	1 queen bed	4.88	306	Apartment	Cancún	Mexico	
LUXE & STYLISH/3BR/LAS OLAS CONDO/12TH FLR/ROSARITO	Jun 11 - 16	173.0	4 beds	4.8	207	Condo	Rosarito	Mexico	
Lovely Private Room-Manhattan, 70s-Upper East Side	Jul 9 - 14	103.0	1 bed	4.93	30	Room	New York	US	New York
1 BD PRIVATE HOUSEBOAT/ COTTAGE TARPON	Aug 6 - 11	229.0	1 queen bed	4.85	74	Cottage	Islamorada	US	Florida
“What a wonderful world” - Modern Farmhouse	Jun 4 - 9	165.0	1 queen bed	4.87	478	Apartment	Gordonville	US	Pennsylvania
Glass Roof House #2 at Glass 20.87	Jun 10 - 15	221.0	2 queen beds	4.93	68	Cottage	Quintana Roo	Mexico	
Modern Cabin On Pond, AC & Porch	Jun 2 - 7	231.0	1 king bed	0.0	0	Cabin	Georgetown	US	Maine
Romantic Ocean Penthouse w/ panoramic marina views	Jun 1 - 8	247.0	1 bed	4.77	111	Apartment	Marina del Rey	US	California
Posada Sarita	Jun 3 - 10	50.0	3 beds	4.56	176	Hotel	Tepoztlán	Mexico	
Beach Bungalow on the Sand, Steps to the Ocean	Jun 3 - 8	483.0	2 beds	4.93	213	Cottage	Oceanside	US	California
Historic Venice Apt 1/2 blocks to beach+parking	Nov 16 - 21	185.0	2 beds	4.94	431	Apartment	Los Angeles	US	California
Amazing Modern Home with Pool and Hot Tub!	Jul 11 - 16	167.0	2 beds	4.84	136	Home	Cape Coral	US	Florida
Malibu, Carbon Beach - Suite Three	Jun 4 - 9	649.0	3 beds	4.8	425	Condo	Malibu	US	California
Cozy Farm Stay Getaway	Jun 11 - 16	99.0	2 queen beds	4.86	183	Farm stay	Saint Marys	Canada	
UpStream (Waterfront Cabin With Wood Stove & WiFi)	Jun 25 - 30	97.0	1 bed	4.87	101	Tiny home	Mill Village	Canada	
M6. Alojamiento ideal para explorar Tepoztlán	Jun 25 - Jul 1	40.0	1 bed	4.86	28	Place to stay	Tepoztlán	Mexico	
Scenic Solitude-Amazing Mountain views on 5 acres	Jun 4 - 9	302.0	2 beds	5.0	44	Cabin	Mineral Bluff	US	Georgia
Lovely Private Room-Manhattan, 70s-Upper East Side	Jul 9 - 14	103.0	1 bed	4.93	30	Room	New York	US	New York
1 BD PRIVATE HOUSEBOAT/ COTTAGE TARPON	Aug 6 - 11	229.0	1 queen bed	4.85	74	Cottage	Islamorada	US	Florida
“What a wonderful world” - Modern Farmhouse	Jun 4 - 9	165.0	1 queen bed	4.87	478	Apartment	Gordonville	US	Pennsylvania
Glass Roof House #2 at Glass 20.87	Jun 10 - 15	221.0	1 queen bed	4.93	68	Cottage	Quintana Roo	Mexico	
“Playa Luna”- Breathtaking Ocean and City Views	Jul 2 - 7	138.0	1 bed	4.88	159	Condo	Luquillo	Puerto Rico	
Peace, Beauty & Ocean View, Malibu	Sep 12 - 17	189.0	1 king bed	4.95	1014	Room	Malibu	US	California
Lount Treetop Rentals - Unit 2	Jun 1 - 6	135.0	1 bed	4.97	173	Treehouse	Sundridge	Canada	
Romantic Ocean Penthouse w/ panoramic marina views	Jun 1 - 8	247.0	2 beds	4.77	111	Apartment	Marina del Rey	US	California
Posada Sarita	Jun 3 - 10	50.0	3 beds	4.56	176	Hotel	Tepoztlán	Mexico	
Amazing Modern Home with Pool and Hot Tub!	Jul 11 - 16	167.0	1 queen bed	4.84	136	Home	Cape Coral	US	Florida
Cozy Farm Stay Getaway	Jun 11 - 16	99.0	2 double beds	4.86	183	Farm stay	Saint Marys	Canada	
Beach Front Condo In Casa Del Mar	Jun 18 - 24	205.0	2 beds	4.72	389	Apartment	Galveston	US	Texas
Laguna Beach Studio Oceanviews 49	Jun 1 - 6	148.0	2 beds	4.36	273	Apartment	Laguna Beach	US	California
Charming Beach Condo in Bavaro Top Location	Jun 3 - 8	57.0	1 queen bed	4.76	200	Apartment	Punta Cana	Dominican Republic	
400+ Airbnb Visits: Incredible Mountain Cabin	Jun 4 - 9	137.0	2 double beds	4.85	325	Cabin	Woodford	US	Vermont
the legendary wildwood cabins ~ CABIN 2	Sep 24 - 29	126.0	2 double beds	4.99	742	Cabin	Bowen Island	Canada	
Oceanfront Laguna Beach Amazing Views 28	Jun 4 - 9	276.0	2 double beds	4.63	390	Hotel room	Laguna Beach	US	California
Lake Sports Home & Super water sports!	Aug 20 - 25	154.0	3 beds	5.0	18	Place to stay	Hopatcong	US	New Jersey
Waterfront Sea Cottage	Jun 13 - 18	82.0	1 queen bed	4.8	276	Guesthouse	Naples	US	Florida
Cedar Springs Cabin - A Cozy Hideaway in the Woods	Jun 16 - 21	346.0	2 beds	4.97	76	Cabin	Reaboro	Canada	
Beachfront at its finest @ San Jose del Cabo! 🤩🏄🏼‍♂️🏖	Jun 22 - 29	78.0	1 bed	4.75	186	Apartment	San José del Cabo	Mexico	
Tiny Beach front house	Jul 24 - 29	89.0	2 beds	4.73	140	Cabin	Puerto Viejo de Talamanca	Costa Rica	
Coyote's Den at The Howling Woods	Jun 28 - Jul 3	123.0	2 single beds	4.87	303	Tiny home	Tremont	US	Maine
Near Ocean, BBQ, Dog OK, Cute Manzanita Beach	Jun 1 - 6	147.0	2 queen beds	0.0	0	Home	Manzanita	US	Oregon
Stunning house on lake Ontario	Jun 25 - 30	210.0	2 beds	4.9	192	Home	Hamilton	Canada	
Oceanfront Lookout Point w/two Kayaks,Beach & Dock	Aug 12 - 17	254.0	1 queen bed	4.86	90	Tiny home	Key Largo	US	Florida
Saint Tropez Boutique Hotel	Jun 22 - 27	125.0	1 king bed	4.78	74	Hotel	Willemstad	Curaçao	
the legendary wildwood cabins ~ CABIN 4	Jul 8 - 13	173.0	1 queen bed	4.98	678	Cabin	Bowen Island	Canada	
1-Private room/bbq/patio. 2 full bed 1 couch bed.	Jul 29 - Aug 3	258.0	2 beds	4.83	40	Room	Key West	US	Florida
Beautiful corner unit condo right on the beach!	Jun 3 - 8	298.0	2 sofa beds	4.97	73	Condo	East End	U.S. Virgin Islands	
House Boat Sunset Bay Marina Stuart Fl	Sep 10 - 15	127.0	2 beds	4.92	279	Boat	Stuart	US	Florida
Surf Shack Guiones - perfect beach location	Jun 17 - 24	130.0	2 beds	4.82	278	Apartment	Guanacaste Province	Costa Rica	
Glamping Cabin at Balderson Blueberries	Jun 11 - 16	80.0	1 queen bed	4.89	76	Hut	Balderson	Canada	
Bamboo Cottage in Aptos Mountain Retreat & Spa	Jul 16 - 21	130.0	1 queen bed	4.78	257	Tiny home	Aptos	US	California
The Ohana	Jun 23 - 28	99.0	1 queen bed	4.86	182	Guesthouse	Naalehu	US	Hawaii
23FL Skyline King Studio w/Ocean & City Views.	Jun 12 - 18	221.0	2 beds	4.95	41	Condo	Honolulu	US	Hawaii
Room 2 Queen beds- Buffet Breakfast-Steps to beach	Jun 5 - 10	116.0	2 beds	4.38	156	Boutique hotel	Miami Beach	US	Florida
Luxury Condo in Hotel, amenities Downtown/Brickell	Jun 11 - 16	219.0	2 sofa beds	4.94	72	Condo	Miami	US	Florida
The Ohana	Jun 23 - 28	99.0	1 queen bed	4.86	182	Guesthouse	Naalehu	US	Hawaii
Enchanting Tiny Home 1 KM from downtown Sackville	Jun 3 - 8	117.0	1 queen bed	4.86	64	Tiny home	Sackville	Canada	
Isla Verde Beach Studio {105}	Jul 23 - 28	97.0	2 queen beds	4.67	433	Apartment	Carolina	Puerto Rico	
Beachfront Condo Now Available! Sleeps 4 + Parking	Jun 4 - 9	133.0	2 beds	4.51	88	Condo	Atlantic City	US	New Jersey
CASA BADAWI in 400m Tropical Garden. Optical Fiber	Jun 6 - 11	72.0	2 beds	4.96	108	Bungalow	Puerto Viejo de Talamanca	Costa Rica	
Beachside Apartment with Pool	Jun 10 - 15	117.0	2 beds	4.84	270	Apartment	Santa Teresa Beach	Costa Rica	
Oceanfront 16th Floor Brand New Beachfront Flat	Jun 7 - 12	302.0	1 bed	4.83	683	Condo	Miami Beach	US	Florida
House1 private swming pool, BBQ ranch, wifi 200mb	Jun 26 - Jul 1	43.0	4 beds	4.83	108	Chalet	Matapalo	Costa Rica	
LOVELY ROOM, WALK TO BEACH, GORGEOUS DECK	Jun 17 - 22	146.0	2 queen beds	4.88	256	Room	Panama City Beach	US	Florida
Beachfront Escape Unit #1 at Beachcomber Cottages	Jun 20 - 25	212.0	2 beds	4.54	151	Apartment	Yachats	US	Oregon
CDM-Beach living @ Condado with pool and parking!	Jul 9 - 14	144.0	2 king beds	4.84	141	Condo	San Juan	Puerto Rico	
AHHH-MAZING VIEWS! Beach Front Apt.	Sep 6 - 12	121.0	2 beds	4.88	490	Condo	Luquillo	Puerto Rico	
Tropical Island Escape w/ Deck, Walk to Avalon Bay	Jun 19 - 24	336.0	1 queen bed	4.34	80	Home	Avalon	US	California
The Thimbleberry MicroCabin near lake, hot tub use	Jun 4 - 9	108.0	1 queen bed	4.97	146	Cabin	Sorrento	Canada	
Private room/bathroom in modern house with Pool	Jul 8 - 14	128.0	1 queen bed	4.83	181	Room	Miami	US	Florida
Modern 1/1, Half a Block from The Ocean	Jun 12 - 17	140.0	2 beds	4.75	308	Apartment	Miami Beach	US	Florida
Satori Suite (The Bamboo House)	Jun 9 - 14	199.0	2 double beds	4.91	292	Room	Kailua-Kona	US	Hawaii
Cancun Suites (Standard Room)	Jul 2 - 8	81.0	3 beds	4.47	192	Apartment	Cancún	Mexico	
Tropicana Suite-Grand Manor Luxury Mansion Loft	Aug 6 - 12	92.0	1 king bed	4.86	494	Room	Galveston	US	Texas
Disney/Universal Home Away from Home!	Aug 20 - 25	162.0	1 king bed	4.95	221	Room	Kissimmee	US	Florida
Pink Galaxy | Private Observatory · Hot Tub · Pool	Jun 7 - 12	283.0	1 queen bed	5.0	9	Villa	Morongo Valley	US	California
Camera argento in tipica casa coloniale	Jun 19 - 24	42.0	3 beds	4.81	168	Room	La Habana	Cuba	
GARDEN ROOM, private bathroom, separate entrance	Jun 24 - 29	184.0	2 beds	4.96	284	Room	Kihei	US	Hawaii
Tree House - Beach Area, KS bed, 3 PPL	Jul 10 - 15	157.0	1 double bed	4.75	165	Treehouse	Zona Hotelera	Mexico	
It Hotel & Residences - Studio Rental in PDC	Jun 3 - 8	75.0	1 double bed	4.79	253	Apartment	Playa del Carmen	Mexico	
Cozy & Neat hotel room 2pax ocean view WiFi,Pool	Aug 5 - 10	115.0	1 double bed	4.52	92	Hotel	Isla Mujeres	Mexico	
Meteora Stay & Coffehouse Tulum - Deluxe Queen	Jun 1 - 6	59.0	1 double bed	4.74	105	Hostel	Tulum	Mexico	
Movie Theater + Kid Friendly | Book the Dome!	Jun 4 - 9	200.0	1 double bed	4.97	64	Home	Oceanside	US	Oregon
My Adirondack Home - Very Scenic	Jun 5 - 10	107.0	1 double bed	4.96	520	Room	Wilmington	US	New York
New 16th Floor Beachfront 180º Oceanview Apartment	Jun 1 - 6	302.0	1 double bed	4.87	659	Condo	Miami Beach	US	Florida
Camilo's Luxury Shared Townhouse	Jul 13 - 18	81.0	1 double bed	4.87	301	Room	Cancún	Mexico	
Surf, family & friends! Tropical Room in downtown	Jun 3 - 8	51.0	1 double bed	4.95	86	Room	Cancún	Mexico	
1208 Beach property part ocean & pool view	Jun 2 - 7	79.0	1 double bed	4.64	148	Apartment	Cancún	Mexico	
Amazing panoramic tree house Norway	Jun 4 - 9	285.0	1 double bed	4.86	410	Treehouse	Sandane	Norway	
Beachfront Cottage on the Lake	Jun 11 - 16	140.0	4 beds	4.72	25	Home	Jurków	Poland	
Off-Grid vineyard and olive orchard home.	Jun 7 - 13	144.0	3 beds	5.0	9	Farm stay	Şarköy	Turkey	
Mirror House Iceland	Sep 1 - 6	735.0	1 bed	0.0	0	Cabin	Hvanneyri	Iceland	
"R.I.P. by ŘÍP - 
Rest In Pod by ŘÍP"	Jun 1 - 6	78.0	1 sofa bed	4.92	36	Place to stay	Krabčice	Czechia	
LOVE Attic	Jun 4 - 9	209.0	2 beds	4.85	178	Condo	Fiumicino	Italy	
Natural show in Cabaña Alcazaba	Jun 11 - 16	111.0	4 double beds	4.86	568	Cabin	Güejar Sierra	Spain	
MU_Moradas no Ulla 6. Cabañas de Compostela.	Jun 11 - 16	112.0	1 queen bed	4.96	89	Cabin	Teo	Spain	
Unik Hobbit Cabin	Jun 1 - 6	221.0	2 beds	4.84	239	Place to stay	Hol	Norway	
Simple guesthouse on a farm. Double bed and sofa bed. Free Wi-Fi and parking. WC and living room/kitchenette in separate building	Jun 26 - Jul 1	73.0	2 beds	4.89	18	Farm stay	Nyköping S	Sweden	
Boat in Orlik, you want it!	Jun 8 - 13	78.0	4 sofa beds	4.31	29	Houseboat	Jickovice	Czechia	
Forest cabin	Sep 26 - Oct 2	80.0	1 double bed	4.84	212	Cabin	Hornedo	Spain	
Amonde Village - Casa P * Comfort & Quality	Jun 18 - 25	168.0	3 beds	4.98	51	Home	Viana do Castelo	Portugal	
Tower house Gombola	Jun 4 - 9	166.0	3 beds	4.87	45	Tower	Gombola	Italy	
hut in the mid. of nowhere + priv pond+3 ha	Jun 1 - 6	181.0	2 beds	4.79	396	Cabin	Darżkowo	Poland	
The Water Tower at Long Meadow Farm	Jun 4 - 9	246.0	2 double beds	4.85	181	Home	Kenilworth	UK	
Alte Wassermühle Friedrichshausen - Eulenstube	Jun 10 - 15	55.0	3 beds	4.96	25	Room	Dassel	Germany	
Vovady Farm : Roulotte Bohème	Jun 1 - 6	82.0	3 beds	4.85	34	Farm stay	Montregard	France	
Biron aux Puces de Saint Vincent Market	Oct 29 - Nov 3	95.0	2 double beds	4.9	61	Room	Saint-Ouen	France	
Cabin on the countryside close to the small city.	Jun 10 - 15	111.0	5 beds	4.71	51	Cabin	Gällstad	Sweden	
La Barona Chalet	Jun 4 - 9	223.0	1 bed	4.99	240	Cabin	Trasquera	Italy	
"""Lieblingsplatz"" shepherd's hut"	Jun 2 - 7	55.0	2 beds	4.96	24	Shepherd’s hut	Hessisch Lichtenau	Germany	
Rectory Farm Hideaway	Aug 28 - Sep 2	178.0	2 double beds	4.93	535	Hut	Oxfordshire	UK	
The Black Shack @ Bancran School	Aug 4 - 9	169.0	3 beds	4.97	304	Tiny home	Draperstown	UK	
Apartment Caribe - PlusHolidays	Jun 1 - 6	80.0	2 double beds	3.67	3	Apartment	Calpe	Spain	
Anty's Pond: Davy Crockett's Hut	Jun 23 - 28	93.0	2 double beds	4.87	150	Shepherd’s hut	Saint-Nabord	France	
Biarritz Grande Plage 25m2 with Balcony	Jun 1 - 6	176.0	2 beds	4.91	316	Apartment	Biarritz	France	
TRULLO ISABELLA	Jun 25 - 30	158.0	4 beds	4.98	95	Trullo	Ostuni	Italy	
Secluded Hand crafted log cabin	Jun 5 - 10	139.0	1 bed	5.0	68	Farm stay	Girvan	UK	
Stargazer Cabin - Monmouth Walking Distance Town	Jul 27 - Aug 1	240.0	1 sofa bed	4.9	287	Cabin	Monmouth	UK	
"Baita Vrei (2)""Titta"" - Hut Lago Maggiore"	Jun 4 - 9	61.0	2 beds	4.84	63	Home	Miazzina	Italy	
Tranquil retreat with fantastic countryside views	Aug 2 - 7	115.0	2 beds	4.92	227	Tiny home	Poltimore	UK	
Romantic and one-of-a-kind Beachouse	Oct 12 - 17	183.0	4 beds	4.88	48	Villa	Pollina	Italy	
Ilaira Apartments	Jun 7 - 12	86.0	1 double bed	4.86	38	Condo	Χράνοι	Greece	
Central 1bedroom apt by the sea	Oct 10 - 15	61.0	2 beds	4.76	214	Apartment	Rodos	Greece	
Cosy Romantic Cabin with Wood Burning Stove.	Jun 11 - 16	107.0	2 beds	4.96	274	Tiny home	Midmar	UK	
Historic residence surrounded by olive trees	Jun 12 - 17	75.0	2 beds	4.98	46	Farm stay	Agello	Italy	
Wonderful Old Cabin on Rare Natural Site	Jun 11 - 16	147.0	1 queen bed	4.93	151	Cabin	Adainville	France	
Stay in the castle, with family or friends	Jun 18 - 23	92.0	4 beds	4.94	169	Castle	Vay	France	
XS Village - Arrifana Suite (private bathroom)	Jun 24 - 29	100.0	2 beds	4.96	25	Room	Aljezur	Portugal	
The Loft at the Bonnington Farm	Jun 15 - 21	135.0	1 bed	4.89	423	Barn	Rattray	UK	
KALEİÇİ BACCHUS OTEL DENİZ MANZARALI TATİL 501	Jun 25 - 30	83.0	1 bed	4.73	230	Hotel room	Muratpaşa	Turkey	
strawbale roundhouse for vegetarian	Jun 29 - Jul 4	108.0	2 beds	4.9	297	Earthen home	Bronwydd Arms	UK	
Wohnung Ruth Herrenhaus Viecheln Anno 1869	Jun 11 - 16	121.0	2 beds	4.97	34	Room	Behren-Lübchin	Germany	
Swiss Tiny Chalet	Jun 1 - 6	109.0	4 single beds	4.8	157	Tiny home	Les Haudères	Switzerland	
The Napoleonic period chalet in the High Jura	Jul 16 - 21	105.0	1 queen bed	4.98	190	Chalet	Étival	France	
Moulin de Boiscorde, ideal for couples and families	Jun 2 - 7	128.0	3 beds	4.9	41	Home	Rémalard	France	
Rural Tuscany | Wine farm with pool | Terrarossa	Jun 14 - 20	148.0	5 beds	4.33	6	Farm stay	Montepulciano	Italy	
Magical Trullo in Ostuni Cis BR0740129000012213	Jul 19 - 24	105.0	1 sofa bed	4.87	87	Trullo	Ostuni	Italy	
Gruszkówka 1 Cottage (7 km from Białka )	Jun 18 - 25	96.0	1 bed	4.98	86	Cabin	Nowy Targ	Poland	
Woodland Stargazing Cabin	Jun 2 - 7	133.0	1 bed	4.83	174	Shepherd’s hut	Hollacombe	UK	
Room available in Greater London suburb home	May 1 - 6	43.0	1 bed	4.98	94	Room	London	UK	
Casa Tua	Jun 4 - 9	142.0	1 bed	4.66	68	Apartment	Megalochori	Greece	
CABIN X GPF	Jun 25 - 30	225.0	1 bed	4.99	239	Farm stay	Catsfield	UK	
Alhambra Trails 2	Jun 6 - 13	94.0	2 beds	4.78	36	Room	La Zubia	Spain	
""" La cabane du Gozzi"""	Jun 1 - 6	85.0	2 beds	4.79	346	Chalet	Afa	France	
FLH Ericeira Ocean Flat	Jul 16 - 21	216.0	3 beds	4.45	187	Apartment	Ericeira	Portugal	
manoir 19 ème siècle LE COUTUREAU isaline	Jun 1 - 6	135.0	1 bed	5.0	11	Room	Rouffignac-de-Sigoulès	France	
Guesthouse an der Vechte	Jul 22 - 27	50.0	2 beds	4.94	104	Guesthouse	Esche	Germany	
L & C Deluxe Apartment - luxury and comfort	Jun 6 - 11	136.0	1 double bed	5.0	45	Condo	Kremasti	Greece	
Country House	Jun 11 - 16	69.0	3 beds	4.94	84	Room	Torreglia	Italy	
Luxury Triple cave room	Jun 12 - 17	129.0	4 beds	4.72	32	Cave	Mesaria	Greece	
Rural Retreat on the Ashdown Forest	Jun 12 - 17	184.0	1 double bed	4.96	114	Barn	Nutley	UK	
Magazine - Oskar Schwebel -	Jun 11 - 16	136.0	4 single beds	4.66	277	Castle	Winningen	Germany	
CasasdoCasinhotoD-Rustic House (pool; river view)	Jun 12 - 17	131.0	1 double bed	4.81	43	Home	Baião	Portugal	
Elegant Little Wyvis Lodge - Sleeps 2	Jun 2 - 7	159.0	3 beds	4.96	95	Nature lodge	Highland Council	UK	
Rural Aledo - El Estrecho	Jun 18 - 25	76.0	4 beds	4.78	24	Cabin	Totana	Spain	
Nasos' Treehouse	Jun 1 - 6	98.0	2 single beds	4.81	98	Treehouse	Fountana	Greece	
FredrikLars farm at Nordmarksberg Manor	Jun 24 - 30	44.0	2 single beds	4.98	46	Cabin	Filipstad N	Sweden	
La Tana del Lupo B&B, family and outdoor sports	Sep 18 - 23	73.0	2 single beds	4.99	121	Room	Borgo Valsugana	Italy	
The Llama Lodge - a Log Cabin on a Llama Farm	Jun 4 - 9	205.0	2 single beds	4.92	60	Cabin	Llandissilio	UK	
"Quaint ""Petra Lustig"" construction car"	Jun 24 - 30	48.0	2 single beds	0.0	0	Camper/RV	Mayen	Germany	
Country House	Jun 11 - 16	69.0	2 beds	4.94	84	Room	Torreglia	Italy	
Luxury Triple cave room	Jun 12 - 17	129.0	3 beds	4.72	32	Cave	Mesaria	Greece	
Magazine - Oskar Schwebel -	Jun 11 - 16	136.0	4 beds	4.66	277	Castle	Winningen	Germany	
CasasdoCasinhotoD-Rustic House (pool; river view)	Jun 12 - 17	131.0	1 double bed	4.81	43	Home	Baião	Portugal	
Elegant Little Wyvis Lodge - Sleeps 2	Jun 2 - 7	159.0	4 single beds	4.96	95	Nature lodge	Highland Council	UK	
Rural Aledo - El Estrecho	Jun 18 - 25	76.0	1 double bed	4.78	24	Cabin	Totana	Spain	
Nasos' Treehouse	Jun 1 - 6	98.0	1 queen bed	4.91	32	Treehouse	Fountana	Greece	
The North Windmill ⚓ Unique House with View	Jun 9 - 14	184.0	4 beds	4.98	46	Vacation home	Akrotiri	Greece	
La Tana del Lupo B&B, family and outdoor sports	Sep 18 - 23	73.0	1 king bed	4.99	121	Room	Borgo Valsugana	Italy	
The Llama Lodge - a Log Cabin on a Llama Farm	Jun 4 - 9	205.0	2 beds	4.95	111	Cabin	Llandissilio	UK	
Bumble Bee Cottage	Jun 11 - 16	141.0	4 beds	4.93	410	Cottage	Trefeinon	UK	
Gorgeous yurt in amazing mountain/forest location	Jul 12 - 17	107.0	1 bed	4.91	339	Yurt	Cynwyd	UK	
Diamond Home 1, romantic gem, 20 min to Acropolis	Jul 5 - 10	112.0	4 beds	4.79	217	Apartment	Athina	Greece	
TrulLetto	Jun 4 - 9	114.0	3 beds	4.85	52	Trullo	Alberobello	Italy	
Tyga Gård, probably most beautiful on Bjäre	Jun 1 - 6	94.0	1 queen bed	4.9	43	Cabin	Båstad V	Sweden	
Silk Trulli	Jun 3 - 8	86.0	1 queen bed	4.52	21	Home	Coreggia	Italy	
The Olive Tree Court	Jun 3 - 8	92.0	1 queen bed	4.85	143	Trullo	Martina Franca	Italy	
LaCorte CAMERA BLU NEAR FERRARI WITH PRIVATE PARK	Aug 21 - 26	73.0	1 queen bed	0.0	0	Room	Montale Rangone	Italy	Modena
Friedrichshain Beautiful Sunny Room with Balcony	Jul 25 - 31	135.0	2 beds	5.0	6	Room	Berlin	Germany	
Cozy en-suite double room in S. Peter's / Borgo	Nov 30 - Dec 5	60.0	1 king bed	4.88	331	Room	Rome	Italy	
Star Night Room - Van Gogh Hills B&B	Jun 1 - 6	68.0	3 beds	4.91	23	Room	Santa Lucia	Italy	
La Petite Chaumière	Jun 2 - 7	85.0	1 double bed	4.79	39	Home	Reclesne	France	
Green - Lawns in Tuscany	Jul 8 - 13	91.0	3 double beds	4.97	145	Farm stay	Asciano	Italy	
Casa Cerbaia | Betulla	Jun 21 - 26	86.0	4 double beds	4.95	19	Farm stay	Pennabilli	Italy	
Sommerfjøset on Hovelsrud, Helgøya	Jul 14 - 20	328.0	2 beds	4.96	136	Barn	Nes På Hedmark	Norway	
Cozy cottage in Torsåker (Hofors)	Jun 7 - 12	75.0	4 single beds	4.83	254	Cabin	Torsåker	Sweden	
Nice place for your stay in Paris	Oct 30 - Nov 5	86.0	1 sofa bed	4.96	319	Room	Saint-Mandé	France	
Peaceful, wooden garden cabin	Jul 9 - 14	93.0	1 sofa bed	4.91	255	Cabin	Walpole	UK	
Rural farm-Spacious triple bedroom with en suite	Jul 2 - 7	71.0	1 sofa bed	4.92	113	Place to stay	East Farndon	UK	
Private room in the heart of nature	Jun 3 - 8	42.0	1 sofa bed	4.96	114	Room	Rüthen	Germany	
Xavier House	Oct 9 - 14	43.0	1 sofa bed	4.89	184	Room	Rome	Italy	
Akti Karras, Plaka Naxos (up to 2 guests)	Jun 20 - 25	55.0	1 sofa bed	4.91	23	Apartment	Plaka	Greece	
Studio lookout	Jun 1 - 6	31.0	1 sofa bed	4.45	240	Condo	Saint-Lary-Soulan	France	
Bavarian room in the Dolomites	Jun 1 - 6	84.0	1 sofa bed	4.8	5	Room	Borgo Valbelluna	Italy	
Cosy interesting loam house	Jun 5 - 12	78.0	1 sofa bed	5.0	10	Room	Kassel	Germany	
Nice room in duplex + terrace near BCN	Nov 11 - 16	55.0	1 sofa bed	4.89	128	Room	Barcelona	Spain	
Lost Paradise - A night into the Alentejo!	Jun 1 - 6	85.0	5 double beds	4.95	39	Tent	Sabóia	Portugal	
Cabin in the wild	Sep 3 - 10	95.0	2 queen beds	4.98	46	Place to stay	Mont-le-Vernois	France	
Amazing shipping container house + sea views+ WIFI	Aug 7 - 12	164.0	1 bed	4.91	43	Shipping container	Dirlaught	Ireland	
Countryside Sleeps, Bakery, Homestay	Jul 16 - 21	73.0	1 double bed	4.95	385	Hut	Witzenhausen	Germany	
Kimiro Hotel Tsilivi	Jun 5 - 10	97.0	1 double bed	4.91	43	Room	Planos	Greece	
Studio apartment with AC - Suite 3	Jun 17 - 22	34.0	3 beds	5.0	3	Apartment	Kadıköy	Turkey	
Sicilian Mountain Oasis - Entire Villa (Smart W.)	Nov 14 - 19	100.0	2 double beds	4.94	325	Cottage	Nicosia	Italy	
İzmir Bungalow. ( Urla treehouse 1)	Jun 8 - 13	74.0	1 bed	4.82	223	Bungalow	Izmir	Turkey	
The Folly - Cornwall	Jun 18 - 23	111.0	1 bed	5.0	11	Guesthouse	Perranwell Station	UK	
Echoes Exclusive Suite	Jun 29 - Jul 6	526.0	2 beds	4.98	40	Apartment	Areti	Greece	
Delightfull Dome with Hot tub & sauna on the beach	Jun 3 - 8	319.0	1 king bed	4.98	52	Dome	Wapnica	Poland	
Romantic Ocean View Couples Retreat Cornwall	Jun 10 - 15	357.0	2 beds	5.0	61	Cabin	Millbrook	UK	
THE AQUARIUM … waterfront 🧜🏾‍♂️	Jun 26 - Jul 1	61.0	3 beds	4.72	103	Guest suite	La Marsa	Tunisia	
Gäststuga Knorrasjön	Jun 12 - 17	95.0	2 double beds	0.0	0	Guesthouse	Jonstorp	Sweden	
Villa Laurito	Oct 31 - Nov 5	185.0	1 double bed	4.88	66	Home	Positano	Italy	
"""La Parra"", rural tourism. Your home in paradise."	Sep 16 - 21	67.0	1 bed	4.99	335	Cottage	Benalauría	Spain	
Hascherle Hitt	Jun 5 - 10	86.0	2 beds	5.0	57	Tiny home	Muldenhammer	Germany	
Villa Trouz Ar Mor	Jul 1 - 6	135.0	2 beds	4.85	13	Home	Audierne	France	
İzmir Bungalow. ( Urla treehouse 1)	Jun 8 - 13	74.0	2 double beds	4.82	223	Bungalow	Izmir	Turkey	
The Folly - Cornwall	Jun 18 - 23	111.0	1 bed	5.0	11	Guesthouse	Perranwell Station	UK	
Echoes Exclusive Suite	Jun 29 - Jul 6	526.0	1 bed	4.98	40	Apartment	Areti	Greece	
Delightfull Dome with Hot tub & sauna on the beach	Jun 3 - 8	319.0	2 beds	4.98	52	Dome	Wapnica	Poland	
Romantic Ocean View Couples Retreat Cornwall	Jun 10 - 15	357.0	1 king bed	5.0	61	Cabin	Millbrook	UK	
THE AQUARIUM … waterfront 🧜🏾‍♂️	Jun 26 - Jul 1	61.0	2 beds	4.72	103	Guest suite	La Marsa	Tunisia	
Gäststuga Knorrasjön	Jun 12 - 17	95.0	3 beds	0.0	0	Guesthouse	Jonstorp	Sweden	
Villa Laurito	Oct 31 - Nov 5	185.0	2 double beds	4.88	66	Home	Positano	Italy	
Peaceful Country Treehouse Nr Penzance & St Ives	Jul 6 - 11	294.0	1 double bed	4.95	292	Treehouse	Penzance	UK	
"""La Parra"", rural tourism. Your home in paradise."	Sep 16 - 21	67.0	1 double bed	4.99	335	Cottage	Benalauría	Spain	
Cabaña ecológica de madera en la naturaleza	Jun 11 - 16	80.0	3 beds	4.79	14	Cabin	La Atalaya	Spain	
Gallas Pod House	Jun 1 - 6	57.0	2 beds	5.0	25	Tiny home	Vouzela	Portugal	
Hascherle Hitt	Jun 5 - 10	86.0	1 bed	5.0	57	Tiny home	Muldenhammer	Germany	
Waterfront #41Design - CozyCityCenter Flat	Jul 8 - 13	70.0	2 beds	4.84	546	Apartment	Thessaloniki	Greece	
Villa Trouz Ar Mor	Jul 1 - 6	135.0	2 beds	4.85	13	Home	Audierne	France	
"Treehouse Izmir 
View all our houses please .."	Jun 11 - 16	40.0	3 double beds	4.9	394	Treehouse	Torbalı	Turkey	
Kaktus Suites Fethiye - City Bungalow 2 w/pool	Jun 17 - 22	69.0	1 double bed	4.87	53	Bungalow	Fethiye	Turkey	
Yurt op Off-Grid Homestead	Jun 4 - 9	49.0	1 bed	4.92	38	Yurt	Finestrat	Spain	
Cabin into the wild	Jun 4 - 9	77.0	1 queen bed	4.67	282	Cabin	Idrac respailles	France	
💎Boka Bay view apartment.💎	Jul 8 - 14	93.0	3 beds	4.69	218	Apartment	Kotor	Montenegro	
Seaside & Garden Single family home	Jun 8 - 13	104.0	2 beds	4.94	33	Home	Chalkida	Greece	
Del Sol. Studio across the sea 1.	Jun 1 - 6	61.0	2 beds	0.0	0	Home	Skopelos	Greece	
16th Century Scottish Borders Tower, by Earlston	Jul 13 - 18	252.0	3 queen beds	4.96	464	Place to stay	Scottish Borders	UK	
Porto Bello Lux ( Sea View & Swimming Pool)	Jun 5 - 10	58.0	4 beds	4.9	110	Loft	Baošići	Montenegro	
Spectacular view of Supertubos beach, Peniche	Oct 1 - 6	126.0	3 beds	4.82	34	Home	Atouguia da Baleia	Portugal	
1A chalet resting crickets + hiking with indoor sauna	Jun 22 - 27	123.0	3 beds	4.67	110	Home	Bad Sankt Leonhard im Lavanttal	Austria	
Beachfront apartment with perfect seaview	Jun 1 - 6	231.0	4 beds	4.85	204	Vacation home	Punta Prima	Spain	
2 Cabins perched above a pond!	Jun 4 - 10	98.0	4 double beds	4.91	68	Treehouse	Verson	France	
Casale La Quercia - Tuscany country house	Jun 21 - 26	111.0	2 beds	4.94	530	Home	Vaiano	Italy	
A Boscastle barn, rustic simplicity stunning views	Jun 11 - 16	141.0	1 king bed	5.0	9	Cottage	Boscastle	UK	
House with breathtaking views!	Jul 16 - 21	222.0	3 beds	4.97	104	Cabin	County Wicklow	Ireland	
La Casita de Las Negras	Jun 14 - 19	370.0	4 beds	4.85	26	Home	Las Negras	Spain	
King's Windmill - A little house in the woods	Jul 21 - 26	111.0	2 beds	4.54	201	Cabin	Serrazone	Italy	
Q3 BNB Premium Residence - The Engineering Tower	Jun 5 - 10	147.0	1 bed	4.8	10	Lighthouse	Ploemeur	France	
The Haven Hut, warm, cosy and cute.	Jun 30 - Jul 5	64.0	1 sofa bed	4.67	9	Cabin	Bridge of Earn	UK	
Washitsu.Casa camper Parking place w/house access	Jun 1 - 6	16.0	1 bed	0.0	0	Campsite	Rif	Iceland	
Seaside & Garden Single family home	Jun 8 - 13	104.0	2 beds	4.94	33	Home	Chalkida	Greece	
Del Sol. Studio across the sea 1.	Jun 1 - 6	61.0	2 beds	0.0	0	Home	Skopelos	Greece	
16th Century Scottish Borders Tower, by Earlston	Jul 13 - 18	252.0	3 queen beds	4.96	464	Place to stay	Scottish Borders	UK	
Porto Bello Lux ( Sea View & Swimming Pool)	Jun 5 - 10	58.0	4 beds	4.9	110	Loft	Baošići	Montenegro	
Ben's hat	Jun 18 - 23	82.0	2 beds	4.92	356	Shepherd’s hut	County Durham	UK	
1A chalet resting crickets + hiking with indoor sauna	Jun 22 - 27	123.0	3 beds	4.67	110	Home	Bad Sankt Leonhard im Lavanttal	Austria	
Beachfront apartment with perfect seaview	Jun 1 - 6	231.0	4 beds	4.85	204	Vacation home	Punta Prima	Spain	
2 Cabins perched above a pond!	Jun 4 - 10	98.0	4 double beds	4.94	530	Treehouse	Verson	France	
A Boscastle barn, rustic simplicity stunning views	Jun 11 - 16	141.0	1 king bed	5.0	18	Cottage	Boscastle	UK	
Central luxury /Hauptbahnhof	Sep 17 - 22	92.0	3 beds	5.0	9	Room	Wien	Austria	
House with breathtaking views!	Jul 16 - 21	222.0	2 beds	4.85	26	Cabin	County Wicklow	Ireland	
King's Windmill - A little house in the woods	Jul 21 - 26	111.0	1 bed	4.54	201	Cabin	Serrazone	Italy	
Q3 BNB Premium Residence - The Engineering Tower	Jun 5 - 10	147.0	1 sofa bed	4.8	10	Lighthouse	Ploemeur	France	
The Haven Hut, warm, cosy and cute.	Jun 30 - Jul 5	64.0	1 double bed	4.77	69	Cabin	Bridge of Earn	UK	
Delightful rustic treehouse	Jun 1 - 6	42.0	1 bed	4.67	9	Treehouse	Mons	France	
Washitsu.Casa camper Parking place w/house access	Jun 1 - 6	16.0	1 double bed	4.91	107	Campsite	Rif	Iceland	
Apartment-Mansarda Vista Castello	Jun 8 - 13	61.0	4 beds	5.0	8	Condo	Roviano	Italy	
Bettyjems Stage Refuge	Jun 21 - 28	20.0	4 beds	0.0	0	Home	Jumilhac-le-Grand	France	
Mountain hut in the Elbe sandstone with log cabin sauna	Jun 4 - 9	98.0	4 beds	4.78	169	Cabin	Rosenthal-Bielatal	Germany	
"Shepherd's hut ""Wolkakkrazer"" near Wolfegg"	Jul 2 - 7	57.0	1 queen bed	4.88	220	Hut	Wolfegg	Germany	
Private domed Copula @ Free Spirit horse refuge	Jun 1 - 6	63.0	3 beds	4.61	154	Dome	Atzeneta del Maestrat	Spain	
Levanda Home	Oct 10 - 17	73.0	2 beds	4.91	147	Home	Taktikoupoli	Greece	
Face à la mer Brestoise	Jun 1 - 6	87.0	3 beds	0.0	0	Apartment	Le Relecq-Kerhuon	France	
DEEP OCEAN BUNGALOWS-PANORAMIC &DOUBLE &HALF BOARD	Jun 5 - 10	115.0	1 queen bed	4.91	75	Nature lodge	Fethiye	Turkey	
Xitaca do Pula	Jun 11 - 17	78.0	2 king beds	4.95	203	Chalet	Covilhã	Portugal	
Infinity Abram	Jun 1 - 7	61.0	1 double bed	4.57	44	Apartment	Abram	Greece	
King bedroom in historic house with garden access	Jun 4 - 9	92.0	2 beds	4.96	24	Room	Halsham	UK	
The Loggia	Jun 2 - 7	169.0	1 double bed	4.85	61	Vacation home	Rocchetta Nervina	Italy	
Ca' Roncate	Oct 24 - 31	127.0	1 double bed	4.9	378	Home	Cernobbio	Italy	
Trailer Paradise Ivonete _unwind	Jun 10 - 15	46.0	3 beds	4.97	71	Camper/RV	Wettringen	Germany	
Views to the valley, Wi-Fi, Air-Con, terrace,	Jun 11 - 18	79.0	2 beds	4.88	140	Home	Otívar	Spain	
Casa del Mago - Castelmezzano	Jun 12 - 17	93.0	3 beds	4.78	100	Home	Castelmezzano	Italy	
Moinho do Sr. Arnaldo - Big Windmill at Peniche	Jun 19 - 26	196.0	1 queen bed	4.85	13	Windmill	Atouguia da Baleia	Portugal	
canopy house	Jun 27 - Jul 2	81.0	4 beds	4.81	212	Earthen home	La Canourgue	France	
Panucci's house- halfway between the sea and mountain	Jun 1 - 6	25.0	2 double beds	4.98	245	Home	Dinami	Italy	
Peacock House	Jun 11 - 17	80.0	2 double beds	0.0	0	Cottage	Crossdoney	Ireland	
Aura House 2bds Eco Bamboo House, Pool, River View	Jan 9 - 14	513.0	2 double beds	4.87	209	Villa	Abiansemal	Indonesia	
BALIAN TREEHOUSE w beautiful pool	Jun 21 - 26	117.0	1 king bed	4.85	287	Hut	Balian Beach	Indonesia	
Bali Bamboo House | Rescape Ubud - Relief Villa	Oct 29 - Nov 3	171.0	1 bed	4.79	164	Hut	Ubud	Indonesia	
❣️Romantic Staycation-PrivateSunset Pool@megananda	Nov 18 - 23	111.0	1 king bed	4.92	388	Villa	Ubud	Indonesia	
Dome - Bamboo Villa in Eco Six Bali	Jul 4 - 9	420.0	1 king bed	4.87	85	Cabin	Tampaksiring	Indonesia	
Treehouse De Valentine	Jun 15 - 20	255.0	5 beds	4.91	147	Treehouse	Balamban	Philippines	
Luxury 5 BDR Resort w/ Gym & Ricefield View	Sep 12 - 17	506.0	5 beds	4.78	101	Villa	Tampaksiring	Indonesia	
Exclusive Private Island + Brother Island, El Nido	Jun 1 - 6	469.0	11 beds	4.82	131	Island	El Nido	Philippines	
15min walk to MRT Private room for 3 Free Brekkie.	Jun 24 - 29	31.0	3 double beds	4.9	255	Room	Chom Phon	Thailand	
Elegant & luxurious 3 BR villa rice-fields pano	Jun 21 - 26	322.0	4 beds	4.65	94	Villa	Kecamatan Ubud	Indonesia	
Exclusive Beach Villa - Balian Beach	Jun 1 - 6	240.0	4 beds	4.8	105	Villa	Tabanan	Indonesia	
180° VIEW, PRIVATE POOL VILLA..	Jun 11 - 16	206.0	1 bed	4.93	355	Villa	Singaraja	Indonesia	
White Breeze Pool 1BD Apartment	Jun 4 - 10	64.0	1 queen bed	4.69	112	Apartment	Phuket	Thailand	Thailand
Beautiful villa on the edge of BLUE LAGOON	Jun 1 - 6	264.0	1 bed	4.83	1239	Villa	Nusa Ceningan	Indonesia	
Intimate Private Pool Villas in Ubud center	Jun 7 - 12	209.0	1 double bed	4.89	223	Villa	Kecamatan Ubud	Indonesia	
50% OFF | Ipian Cinta with Private Pool jacuzzi	Oct 28 - Nov 2	142.0	1 double bed	4.62	118	Hut	Kecamatan Ubud	Indonesia	
Love Nest for honeymooner at best location	Sep 3 - 8	251.0	1 bunk bed	4.98	87	Villa	Kecamatan Kuta Utara	Indonesia	
Leafy Greens Chiangmai : Mushroom M2	Jun 13 - 20	22.0	1 bunk bed	4.87	210	Earthen home	Mueang Chiang Mai District	Thailand	
Love Nest for honeymooner at best location	Sep 3 - 8	251.0	1 double bed	4.98	87	Villa	Kecamatan Kuta Utara	Indonesia	
❣️Secluded Getaway Staycation+SunsetPool@megananda	Nov 6 - 11	111.0	1 king bed	4.89	364	Villa	Payangan	Indonesia	
Leafy Greens Chiangmai : Mushroom M2	Jun 13 - 20	22.0	1 bunk bed	4.87	210	Earthen home	Mueang Chiang Mai District	Thailand	
#3# Beautiful Balinese Villa with Private Pool	Nov 12 - 17	137.0	1 queen bed	4.91	434	Villa	Ubud	Indonesia	Kabupaten Gianyar
Palma Villa, Spectacular Sea View Villa with Pool	Jul 17 - 22	238.0	2 beds	5.0	13	Villa	เกาะพงัน	Thailand	
Luxurious Private Pool Villa with Garden North of Ubud	Oct 14 - 19	126.0	2 beds	4.92	166	Villa	Tegallalang	Indonesia	
Tiny Tall Haus Ubud Getaway!	Jun 26 - Jul 1	95.0	1 queen bed	4.87	104	Tiny home	Kecamatan Ubud	Indonesia	
Pondok Prapen -Ubud Center Private Pool Villa	Jun 15 - 20	217.0	3 beds	4.89	333	Bungalow	Ubud	Indonesia	
Beetle - Bamboo Villa in Eco Six Bali Resort	Oct 28 - Nov 2	458.0	2 king beds	4.82	82	Villa	Tampaksiring	Indonesia	
the naked house	Jun 5 - 10	205.0	7 beds	4.88	183	Home	Ko Samui	Thailand	
"""Villa Sauvage 2 br"" - a magic horizon of coziness"	Jun 6 - 11	122.0	2 double beds	4.57	115	Villa	Kamala	Thailand	
Bathing Private Exclusive Cottage	Jun 12 - 17	183.0	6 beds	4.91	181	Home	Mabini	Philippines	
Zen Hideaway #3 - ultimate Wabi-sabi experiences	Jul 30 - Aug 4	235.0	2 king beds	4.8	372	Hut	Abiansemal	Indonesia	
Explore, Experience, Enjoy T-HOUSE Lakestaycation!	Jun 2 - 7	39.0	2 queen beds	4.43	160	Tiny home	Cavinti	Philippines	
Hidden Bamboo Bali	Nov 8 - 13	136.0	1 king bed	4.91	161	Hut	Tampaksiring	Indonesia	
Poolside room in large villa. 5 minutes to beach.	Aug 10 - 16	34.0	1 king bed	5.0	37	Room	Kecamatan Denpasar Selatan	Indonesia	
Ba hao Residence x MAITRI CHIT ROOM	Aug 15 - 20	96.0	1 king bed	4.93	431	Room	Bangkok	Thailand	
Pool Villa by Humble	Jun 15 - 20	63.0	1 king bed	4.93	105	Boutique hotel	Ko Samui	Thailand	
[VR] 2BR High Skyline Ocean View @ Pattaya	Jun 5 - 10	136.0	3 beds	4.69	85	Apartment	Muang Pattaya	Thailand	
Villa Seminyak 1 Bedroom 10 Mins to Beach	Jun 11 - 16	69.0	1 king bed	4.67	340	Home	Kuta	Indonesia	
DEEPSPACE villa X1 ,Secret Address on Quiet Beach	Jun 6 - 11	164.0	3 beds	4.7	47	Villa	Ko Lanta District	Thailand	
BALIAN TREEHOUSE 2 - with private pool	Jul 21 - 28	131.0	3 beds	4.89	140	Place to stay	Balian Beach	Indonesia	
Private pool two bedroom villa - villa the cow	Jun 3 - 8	97.0	2 double beds	4.8	124	Villa	Thành phố Hội An	Vietnam	
清迈 The Astra Condo长康路无边泳池豪华公寓古城夜市边Chang Khlan road	Jun 12 - 17	33.0	1 queen bed	4.68	158	Apartment	清迈	Thailand	
Garden view twin room with breakfast-Ngan Phu	Jun 10 - 17	24.0	2 single beds	4.85	255	Place to stay	Thành phố Hội An	Vietnam	
Heritage of Art Villa Iseh in Sidemen East Bali	Jun 1 - 6	154.0	1 queen bed	4.89	111	Room	Sidemen	Indonesia	
One-Bedroom Suite in Patong Beach	Jun 9 - 14	49.0	2 king beds	4.73	67	Apartment	Tambon Patong	Thailand	
【CENTRAL STUDIO】0-min BTS ASOK, FAST WIFI, NETFLIX	Jun 1 - 6	58.0	4 beds	4.74	252	Condo	Khet Watthana	Thailand	
Eagles Nest, Luxury Villa, Koh Yao Noi	Jun 1 - 6	986.0	22 beds	4.95	43	Villa	Koh Yao Noi	Thailand	
FIG TREE BOUTIQUE VILLA	Jun 1 - 6	30.0	3 queen beds	4.83	92	Hotel room	Thành phố Hội An	Vietnam	
Seaview Bedrock Home	Jun 1 - 6	131.0	3 beds	4.8	35	Earthen home	Ao nang	Thailand	
Alamanda Tropical Wooden Villa - Pool View	Jun 15 - 20	97.0	2 beds	4.87	196	Villa	Langkawi	Malaysia	
Perch Villa - Clifftop villa spectacular sea view	Jun 6 - 11	162.0	1 bed	4.94	71	Villa	Koh Lanta Island	Thailand	
Tropical Private Room Canggu 3 by Rios Guest House	Aug 4 - 11	33.0	3 beds	4.86	7	Guesthouse	Kecamatan Kuta Utara	Indonesia	
Luxury Beach Front Pool Villa, Phuphatara Rayong	Jun 6 - 11	359.0	1 double bed	4.68	85	Villa	Rayong	Thailand	
TROPICAL POOL BEACH VILLA III | Beach-Pool-Freedom	Jun 3 - 8	142.0	1 double bed	4.92	25	Cottage	Lamai Beach	Thailand	
Samu House. Tropical stay private pool.Adults Only	Sep 29 - Oct 4	108.0	1 bed	4.84	106	Cabin	Kecamatan Ubud	Indonesia	
Romantic 1br Villa - Ubud Jungle	Dec 24 - 29	363.0	1 king bed	5.0	13	Villa	Tampaksiring	Indonesia	
umatreehouse	Nov 16 - 21	133.0	1 bed	4.93	164	Treehouse	Tampaksiring	Indonesia	
Promo Price! Magical Treehouse, Stunning Views.	Aug 23 - 30	280.0	4 beds	4.78	528	Treehouse	Ubud	Indonesia	
Tropical Glamping 🌴 Cliff Side Ocean View + Net🐬	Oct 26 - 31	474.0	1 queen bed	4.93	209	Bungalow	Nusapenida	Indonesia	
Cliffside Bamboo Treehouse - Private Pool & View	Nov 14 - 19	484.0	1 bed	5.0	59	Treehouse	Klungkung	Indonesia	
Dreamy Cliffside Bamboo Villa with Pool and View	Nov 5 - 10	484.0	1 bed	4.98	58	Cabin	Klungkung	Indonesia	
25%OFF! Romantic Honeymoon Escape in Ubud Paradise	Jun 28 - Jul 3	117.0	1 double bed	4.77	219	Cottage	Ubud	Indonesia	
Acala Lembongan-Deluxe Suite Sea View	Oct 6 - 11	92.0	1 queen bed	4.63	51	Resort	Nusa Lembongan	Indonesia	
NEW 5BR Luxury Villa in Ubud: Pool and Jungle View	Jun 20 - 25	451.0	5 double beds	0.0	0	Villa	Ubud	Indonesia	
Seaside Designer Treehouse ~ Stunning Views ~ Pool	Jun 13 - 18	121.0	1 bed	4.75	4	Treehouse	Kabupaten Buleleng	Indonesia	
private villa with infinity pool hill and sea view	Oct 6 - 11	53.0	1 double bed	4.8	35	Room	Kabupaten Buleleng	Indonesia	
50% OFF | Ipian Jiwa Eco Bamboo Uniquely Escape	Oct 11 - 16	89.0	6 beds	4.67	128	Hut	Ubud	Indonesia	
Private Modern Beachfront Villa: Pool, Sunset View	Jun 28 - Jul 3	628.0	9 beds	5.0	15	Villa	Bacnotan	Philippines	La Union
SoftLaunch IbizaInspiredBeachfrontVilla inBatangas	Jul 2 - 7	473.0	1 king bed	4.91	11	Villa	Lian	Philippines	
Stunning Room Near Ubud Market - Outdoor Pool!!	Sep 14 - 20	44.0	1 bed	4.78	358	Hotel	Kecamatan Ubud	Indonesia	
Hotel Room with Private Plunge Pool Siray Bay#2	Jun 13 - 18	71.0	1 bed	5.0	13	Hotel	Tambon Ratsada	Thailand	
Suite 2 - Beachfront Luxury Suite on Bingin Beach	Oct 16 - 21	267.0	1 bed	4.93	96	Guest suite	Bingin Beach	Indonesia	
Private Modern Beachfront Villa: Pool, Sunset View	Jun 28 - Jul 3	628.0	6 beds	5.0	15	Villa	Bacnotan	Philippines	La Union
TROPICAL - DESIGNER LOFT - Seminyak	Sep 26 - Oct 1	220.0	1 king bed	4.98	113	Loft	Seminyak	Indonesia	
SoftLaunch IbizaInspiredBeachfrontVilla inBatangas	Jul 2 - 7	473.0	9 beds	4.91	11	Villa	Lian	Philippines	
Hotel Room with Private Plunge Pool Siray Bay#2	Jun 13 - 18	71.0	1 bed	5.0	13	Hotel	Tambon Ratsada	Thailand	
Suite 2 - Beachfront Luxury Suite on Bingin Beach	Oct 16 - 21	267.0	3 king beds	4.93	96	Guest suite	Bingin Beach	Indonesia	
3 Bdr - The Dream Cliffside Bamboo Villa By Avana	Aug 3 - 8	913.0	1 bed	4.97	30	Treehouse	Klungkung	Indonesia	
Madara Ubud Villas	Aug 2 - 7	194.0	2 beds	4.83	129	Villa	Kecamatan Ubud	Indonesia	
New 2BR+2Bath Eco Home	Jul 24 - 29	53.0	2 beds	4.73	11	Shipping container	Tambon Bo Put	Thailand	
Le Aiken Xperience - Unique Bamboo House	Aug 30 - Sep 4	252.0	2 beds	4.69	94	Place to stay	Penebel	Indonesia	
Six-Bamboo Villa in Eco Six Bali Resort	Sep 30 - Oct 6	458.0	1 bed	5.0	5	Home	Kecamatan Tampaksiring	Indonesia	
One-Bedroom Villa Suite Deluxe	Sep 24 - 29	229.0	1 queen bed	4.95	20	Home	Kecamatan Kuta Selatan	Indonesia	
Enchanted Hobbit Treehouse Nestled in the Jungle	Oct 17 - 24	207.0	1 king bed	4.92	117	Treehouse	Tegallalang	Indonesia	
Romantic hideaway for two	Oct 25 - 30	33.0	2 beds	4.97	229	Home	Tegallalang	Indonesia	
PICO DE LORO ( Santorini Vibe)	Jun 25 - 30	112.0	4 beds	4.88	16	Apartment	Nasugbu	Philippines	
*NEW* Lovely New 3BR Villa Stunning Jungle View	Sep 12 - 17	381.0	1 bed	4.7	69	Villa	Kecamatan Tampaksiring	Indonesia	
Nalu Bingin - 1 Bedroom Villa	Sep 25 - 30	202.0	2 beds	5.0	5	Villa	South Kuta	Indonesia	
Pelangi Treehouse (formerly Skai Joglo)	Sep 25 - 30	229.0	1 queen bed	4.92	112	Villa	Kecamatan Ubud	Indonesia	
°3 Charming room in Bingin beach	Sep 10 - 15	155.0	1 queen bed	4.52	523	Place to stay	Pecatu	Indonesia	
Luxe Villa in Tropical Oasis, Ubud. Walk to town.	Oct 28 - Nov 2	176.0	1 king bed	4.93	287	Villa	Ubud	Indonesia	
4br Lovina Paradise - Ocean View	Jun 9 - 14	460.0	4 king beds	4.93	40	Villa	Banjar	Indonesia	
Baby & kids friendly, JB CIQ, Romantic Duplex	Jun 25 - 30	75.0	2 beds	4.82	182	Condo	Johor Bahru	Malaysia	
Tiny House by The Modern Escape	Jul 3 - 8	128.0	2 beds	5.0	32	Tiny home	Concepcion	Philippines	
Gorgeous luxury 1 bedroom villa in heart of Canggu	Sep 9 - 14	325.0	1 bed	4.87	47	Villa	Kecamatan Kuta Utara	Indonesia	
Boho-Chic villa with ocean&rice field view	Sep 28 - Oct 3	201.0	3 queen beds	4.97	67	Villa	Kecamatan Seririt	Indonesia	
Ceylon Villas 4 - 1BR Villa! 5 mins to Ubud 🌴	Nov 23 - 28	125.0	1 bed	4.92	184	Villa	Ubud	Indonesia	
Gypsea Bali Bungalow with private bathroom and AC	Sep 11 - 16	155.0	1 king bed	4.92	78	Place to stay	Kecamatan Kuta Selatan	Indonesia	
DAY CLOUDS, Ubud	Jul 20 - 25	72.0	1 bed	4.59	122	Hut	Kecamatan Ubud	Indonesia	
Cozy Loft Cabins Near Tagaytay	Aug 7 - 13	252.0	8 beds	4.88	43	Cabin	Amadeo	Philippines	
Ocean View and Private Pool at Balian Beach	Jul 23 - 28	116.0	1 queen bed	4.82	122	Place to stay	Tabanan	Indonesia	
Wanagiri Cabin	Nov 1 - 7	148.0	2 beds	4.97	29	Cabin	Kecamatan Sukasada	Indonesia	
Batan Sabo Cottage	Sep 27 - Oct 2	72.0	1 queen bed	4.72	459	Place to stay	Nusapenida	Indonesia	
Bamboo Turtle cabin river view 5km to Ubud center	Jul 9 - 14	118.0	1 bed	4.88	75	Treehouse	Kecamatan Ubud	Indonesia	
PROMO! Luxury Villa Escape in Ubud 2 BR	Sep 1 - 6	306.0	2 beds	5.0	4	Home	Kecamatan Ubud	Indonesia	
Villa Sea Spray Bali Cowrie literally on the Ocean	Aug 19 - 24	130.0	2 beds	4.79	112	Apartment	Candidasa	Indonesia	
The Nude House	Jul 10 - 15	305.0	2 beds	4.68	19	Home	Kecamatan Selat	Indonesia	
Tiny Poolvilla in the heart of Phuket	Jul 25 - 30	119.0	1 king bed	5.0	98	Villa	Kathu	Thailand	
Bamboo Turtle cabin river view 5km to Ubud center	Jul 9 - 14	118.0	1 bed	4.88	75	Treehouse	Kecamatan Ubud	Indonesia	
PROMO! Luxury Villa Escape in Ubud 2 BR	Sep 1 - 6	306.0	2 beds	5.0	4	Home	Kecamatan Ubud	Indonesia	
The Nude House	Jul 10 - 15	305.0	2 beds	4.68	19	Home	Kecamatan Selat	Indonesia	
Tiny Poolvilla in the heart of Phuket	Jul 25 - 30	119.0	1 king bed	5.0	98	Villa	Kathu	Thailand	
Instagrammable Loft Studio in EkoCheras KL	Jul 9 - 14	60.0	1 double bed	4.94	84	Apartment	Kuala Lumpur	Malaysia	
❤PROMO Beachfront oasis. Private pool and firepit	Jun 16 - 21	189.0	4 beds	4.74	46	Villa	Kecamatan Banjar	Indonesia	
Arte Mont Kiara Muji Suites	Jun 4 - 11	51.0	3 beds	4.59	406	Condo	Federal Territory of Kuala Lumpur	Malaysia	
My Canopy Tagaytay (with thermal pool)	Sep 17 - 22	424.0	17 beds	4.91	81	Villa	Tagaytay	Philippines	
Luxe Suite: Villacellabella Ubud Bali Instaworthy	Jun 26 - Jul 1	490.0	1 double bed	4.92	167	Room	UbudUbud	Indonesia	Gianyar
CITY APART ★ CENTRAL City-FREE Pool & Gym	Jun 1 - 6	31.0	1 king bed	4.64	96	Apartment	phường 6	Vietnam	
Villa Akasha - Bio-Architected Eco Dome	Sep 19 - 24	86.0	1 queen bed	4.65	303	Place to stay	Ubud	Indonesia	
#1Beach Front Villa room Villa Blanca Beach Front	Jun 4 - 9	71.0	1 queen bed	4.58	114	Resort	Lian	Philippines	
Luxury 1 BR Villa w/ Private Pool & Ricefield View	Oct 25 - 30	92.0	4 queen beds	4.95	208	Villa	Ubud	Indonesia	
Yuma • Atlantis Melaka/3BR 8Pax WiFi Balcony SeaView	Jun 18 - 23	40.0	2 king beds	4.43	7	Apartment	Melaka	Malaysia	
Ceylon Villas 1 - 2BR Villa! 5 mins to Ubud 🌴	Sep 27 - Oct 2	166.0	1 king bed	4.89	176	Villa	Tampaksiring	Indonesia	
Newly furnished first row of seaview in Moon, sea view, perfect sunrise ~ long term rental welcome (also discounted)	Jul 9 - 14	155.0	2 king beds	4.92	216	Home	頭城鎮	Taiwan	
B Designer King Bed with Partial SEA VIEW bath	Jun 2 - 7	75.0	2 king beds	4.5	281	Boutique hotel	Kathu District	Thailand	
Vaikuntha#3, The Pursuit of Perfect Rustic Beauty	Oct 15 - 20	201.0	2 king beds	4.82	146	Hut	Selat	Indonesia	
DELUXE SEA VIEW + Hot Tub @Koh Samui	Jun 2 - 7	72.0	1 bed	4.63	16	Resort	Tambon Maret	Thailand	
Spacious Apt in City of Angels	Jun 8 - 13	19.0	1 king bed	4.95	438	Apartment	Bangkok	Thailand	
Luxury room & Sky pool, in Phuket town	Jun 8 - 13	40.0	1 bed	4.81	210	Apartment	Phuket	Thailand	
Mt Batur Sunrise & overnight	Jun 11 - 16	42.0	1 bed	4.97	29	Tent	Kintamani	Indonesia	
Tide 2 in Penida Tides Cottage	Jul 29 - Aug 3	32.0	1 king bed	4.85	68	Place to stay	Nusa Penida	Indonesia	
Ceylon Villas 2 - 2BR Villa! 5 mins to Ubud 🌴	Oct 12 - 17	157.0	2 king beds	4.88	112	Villa	Ubud	Indonesia	
Private room4 Legian/breakfast/close to Kuta beach	Jun 6 - 11	81.0	1 bed	4.91	34	Room	Kabupaten Badung	Indonesia	
Luxury Ocean Front, 2,500sq ft Private Eco Villa!	Jun 16 - 21	450.0	1 double bed	4.96	24	Villa	Karangasem	Indonesia	
★Studio in Seafront Private Villa w/infinity pool★	Jun 30 - Jul 5	53.0	3 beds	4.83	93	Apartment	PHUKET	Thailand	
Veranda Residence pattaya 2bedroom partial seaview	Jun 6 - 11	83.0	2 beds	4.89	186	Condo	Na Chom Thian	Thailand	
Cool Home w Garden near Sea	Jul 6 - 11	77.0	2 beds	4.81	360	Home	Hua Hin	Thailand	
Cozy & Modern Loft w/ high speed wi-fi and Netflix	Jul 5 - 10	35.0	1 king bed	4.92	196	Loft	Pasig	Philippines	
Cozy Place near Shopping Center	Jun 20 - 25	35.0	2 king beds	4.96	237	Apartment	Phuket	Thailand	
Ocean View Pool Villa @ Balian Beach	Jun 8 - 13	170.0	1 queen bed	4.76	282	Home	Tabanan	Indonesia	
Oceanfront Pool Villa	Jul 30 - Aug 5	163.0	2 beds	4.96	23	Villa	General Luna	Philippines	
Lovely 1 Bedroom Suite with Pool View	Jun 5 - 10	26.0	3 beds	4.27	56	Condo	George Town	Malaysia	
Private Beach House. The Shack	Jun 11 - 18	89.0	1 king bed	4.88	41	Home	Santander	Philippines	
Lounge Poolside Under Lush Greenery at an Organic Bamboo Pad	Jul 3 - 8	69.0	1 king bed	4.71	98	Treehouse	Bali	Indonesia	
Luxury room & Sky pool, in Phuket town	Jun 8 - 13	40.0	1 bed	4.81	210	Apartment	Phuket	Thailand	
Tide 2 in Penida Tides Cottage	Jul 29 - Aug 3	32.0	1 king bed	4.85	68	Place to stay	Nusa Penida	Indonesia	
Walk to Petronas Towers from a Stylish Apartment	Jun 5 - 10	71.0	1 king bed	4.89	296	Apartment	Kuala Lumpur	Malaysia	
Private room4 Legian/breakfast/close to Kuta beach	Jun 6 - 11	81.0	1 bed	4.91	34	Room	Kabupaten Badung	Indonesia	
Luxury Ocean Front, 2,500sq ft Private Eco Villa!	Jun 16 - 21	450.0	1 double bed	4.96	24	Villa	Karangasem	Indonesia	
★Studio in Seafront Private Villa w/infinity pool★	Jun 30 - Jul 5	53.0	3 beds	4.83	93	Apartment	PHUKET	Thailand	
Veranda Residence pattaya 2bedroom partial seaview	Jun 6 - 11	83.0	2 beds	4.89	186	Condo	Na Chom Thian	Thailand	
Cool Home w Garden near Sea	Jul 6 - 11	77.0	2 beds	4.81	360	Home	Hua Hin	Thailand	
Coconut Garden Resort Gili Trawangan	Jul 24 - 30	69.0	1 king bed	4.84	242	Hotel room	Gili Trawangan	Indonesia	
Cozy & Modern Loft w/ high speed wi-fi and Netflix	Jul 5 - 10	35.0	2 king beds	4.92	196	Loft	Pasig	Philippines	
Balian Beachfront Luxury Tiny House	Jun 5 - 10	186.0	4 beds	5.0	19	Tiny home	Kabupaten Tabanan	Indonesia	
Ocean View Pool Villa @ Balian Beach	Jun 8 - 13	170.0	1 queen bed	4.76	282	Home	Tabanan	Indonesia	
PD D'Wharf Premium Suite - Full Seaview (4-6 Pax)	Jun 8 - 15	54.0	1 king bed	4.88	129	Apartment	Port Dickson	Malaysia	
Oceanfront Pool Villa	Jul 30 - Aug 5	163.0	1 king bed	4.96	23	Villa	General Luna	Philippines	
Lounge Poolside Under Lush Greenery at an Organic Bamboo Pad	Jul 3 - 8	69.0	2 beds	4.71	98	Treehouse	Bali	Indonesia	
Studio in Beachfront Private Villa w/Infinity pool	Jun 18 - 23	38.0	2 beds	4.88	64	Apartment	PHUKET	Thailand	
Grand Seaview Pool Suite •	Jun 1 - 6	111.0	2 beds	4.85	26	Room	Phuket	Thailand	
❤️THE LOFT, Romantic Beachfront Home, HIN KONG.	Aug 18 - 23	198.0	2 beds	4.96	56	Home	ตำบล บ้านใต้	Thailand	
❤️THE LOFT, Romantic Beachfront Home, HIN KONG.	Aug 18 - 23	198.0	2 beds	4.96	56	Home	ตำบล บ้านใต้	Thailand	
5* Studio Resort like: Mason Place Capitol Park	Jun 8 - 13	29.0	2 queen beds	4.95	112	Apartment	Kecamatan Senen	Indonesia	
Minimax House by wiandra	Jun 3 - 8	96.0	4 beds	4.84	81	Home	Lembang	Indonesia	
B1731/Seaview/5 mine drive to Jonker/Imperio/4 pax	Jun 13 - 19	23.0	3 beds	4.54	209	Condo	Melaka	Malaysia	
*6Maritime Seafront Scandinavian Home‖北欧风格日出无敌海景套房	Jun 1 - 7	153.0	3 double beds	4.39	380	Loft	George Town	Malaysia	
Scenic Cebu City View Condo in Ayala	Jun 16 - 21	41.0	2 queen beds	4.98	315	Condo	Cebu City	Philippines	
Baan Rom Pruk private house, near Naiyang beach	Jun 5 - 10	26.0	1 king bed	4.96	172	Bungalow	Naiyang Beach	Thailand	
10' walk to Bitexco D1 45sqm Studio - Stay&Fun 01	Jun 2 - 7	38.0	1 queen bed	4.8	163	Condo	Quận 4	Vietnam	
Ayung Panorama. Poetic house on Ayung River cliff	Aug 27 - Sep 1	159.0	2 king beds	4.91	227	Villa	Abiansemal	Indonesia	
Villa The Spot - Room B6	Jun 3 - 8	127.0	1 bed	4.75	28	Room	Ko Samui District	Thailand	
Cozy Seafront Studio Suite Near Queensbay	Jun 25 - 30	52.0	1 bed	4.83	263	Condo	Bayan Lepas	Malaysia	
GLAMPING Experience with an INFINITY POOL	Jun 22 - 27	79.0	2 beds	4.8	45	Hut	Kecamatan Selat	Indonesia	
Veranda Residence pattaya 1BR partial sea view	Jun 5 - 10	47.0	2 queen beds	4.8	95	Condo	Tambon Na Chom Thian	Thailand	
1min KLCC Twin Tower & Pavilion/Ins cottage for best memories	Jun 25 - 30	38.0	2 beds	4.91	278	Apartment	Kuala Lumpur	Malaysia	
Nyan Bali -A Bamboo House Escape with Private Chef	Dec 1 - 6	237.0	2 queen beds	4.95	104	Cabin	Selat	Indonesia	
5-Star Experience at the Heart of Cebu	Aug 9 - 16	49.0	3 beds	4.96	280	Condo	Cebu City	Philippines	
Antipolo - Secluded and Romantic	Jun 4 - 9	143.0	3 beds	4.87	478	Bungalow	Antipolo	Philippines	
Alon and Sandy Surf Shack GFloor (Air Conditioned)	Jun 10 - 16	129.0	3 beds	4.62	145	Room	San Juan	Philippines	
The Blue Cabin #Beach	Jun 3 - 8	62.0	1 queen bed	4.85	59	Room	Botolan	Philippines	
Amazing Manila Bay View! Spacious Comfy, Clean *31	Jun 11 - 16	69.0	2 beds	4.9	154	Condo	Manila	Philippines	
Luxurious private 2bedrm seafront Phuket penthouse	Sep 2 - 7	286.0	2 beds	4.92	185	Apartment	Thalang	Thailand	
Serenity Tagaytay Home w/ WIFI & NETFLIX	Jun 11 - 16	30.0	3 beds	4.79	447	Condo	Tagaytay	Philippines	
B1933B/5 min drive to Jonker/Seaview/Imperio/4 pax	Jun 18 - 24	24.0	4 beds	4.69	196	Apartment	Melaka	Malaysia	
H&B Villas Phu Quoc - 3 Bedrooms	Jun 1 - 6	252.0	4 beds	5.0	20	Villa	Phu Quoc	Vietnam	
A Chic and Cozy 2Br Unit w/ Netflix and Disney+	Jun 4 - 9	34.0	6 beds	4.94	295	Condo	Pasig	Philippines	
Coastline Seaview Duplex Level 19 Executive Floor	Jun 4 - 9	87.0	1 king bed	4.92	437	Loft	George Town	Malaysia	
BOHO CABIN, Hin Kong Beachfront, West Coast.	Jul 7 - 12	132.0	2 beds	4.98	44	Cabin	Tambon Ko Pha-ngan	Thailand	
(A)Charming Pool Access One Bedroom Apartment	Jun 3 - 8	65.0	1 double bed	4.82	68	Apartment	Tambon Kamala	Thailand	
One Bedroom Condo in Roxas Boulevard, Pasay City	Jun 7 - 12	30.0	8 beds	4.77	332	Condo	Pasay	Philippines	
Wake up to the Sea of Bali: Beachfront luxury plus	Oct 10 - 16	194.0	1 queen bed	5.0	139	Villa	Seririt	Indonesia	
Enchanted River cabin w/private garden and kitchen	Aug 19 - 24	51.0	2 beds	4.85	127	Cabin	Lazi	Philippines	
Cozy City Condo at Horizons 101 [ W/ WIFI ].	Jun 5 - 10	26.0	2 beds	4.44	220	Condo	Cebu City	Philippines	
SUNSET SEAVIEW DELUXE PATONG - POOL+TERRACE	Jun 25 - 30	64.0	4 beds	4.8	159	Apartment	Tambon Patong	Thailand	
Appartment 140 sqm 6 people big terrace sea view	Jun 14 - 19	111.0	2 beds	4.91	160	Apartment	Tambon Rawai	Thailand	
Cozy room 48.5 sq.m @The Astra near Night market	Jun 7 - 12	45.0	1 king bed	4.89	190	Condo	Chiang Mai	Thailand	
EXPRESSIONZ-1Bedroom-Junior-Suite-KLCC-Sky-Pool	Jun 1 - 6	53.0	1 king bed	4.78	408	Apartment	Kuala Lumpur	Malaysia	
Coastline Seaview Duplex Level 19 Executive Floor	Jun 4 - 9	87.0	6 beds	4.92	437	Loft	George Town	Malaysia	
VENUE HOTEL-20% Superior City NiceWindow#Good Rate	Jun 4 - 9	17.0	1 bed	4.35	17	Hotel	Nha Trang	Vietnam	
Bebalilodge, one bedroom house with private pool	Oct 30 - Nov 4	76.0	1 bed	4.97	153	Farm stay	Gianyar	Indonesia	
BOHO CABIN, Hin Kong Beachfront, West Coast.	Jul 7 - 12	132.0	1 king bed	4.98	44	Cabin	Tambon Ko Pha-ngan	Thailand	
(A)Charming Pool Access One Bedroom Apartment	Jun 3 - 8	65.0	2 beds	4.82	68	Apartment	Tambon Kamala	Thailand	
Wake up to the Sea of Bali: Beachfront luxury plus	Oct 10 - 16	194.0	8 beds	5.0	139	Villa	Seririt	Indonesia	
Enchanted River cabin w/private garden and kitchen	Aug 19 - 24	51.0	1 queen bed	4.85	127	Cabin	Lazi	Philippines	
Cozy City Condo at Horizons 101 [ W/ WIFI ].	Jun 5 - 10	26.0	2 beds	4.44	220	Condo	Cebu City	Philippines	
SUNSET SEAVIEW DELUXE PATONG - POOL+TERRACE	Jun 25 - 30	64.0	2 beds	4.8	159	Apartment	Tambon Patong	Thailand	
Cozy room 48.5 sq.m @The Astra near Night market	Jun 7 - 12	45.0	2 beds	4.89	190	Condo	Chiang Mai	Thailand	
2 Bedrooms Beachfront on Maikhao Beach B#7F	Jun 1 - 6	90.0	2 beds	4.6	65	Condo	Tambon Thep Krasatti	Thailand	
EXPRESSIONZ-1Bedroom-Junior-Suite-KLCC-Sky-Pool	Jun 1 - 6	53.0	1 king bed	4.78	408	Apartment	Kuala Lumpur	Malaysia	
La Casita Hua Hin 2	Jun 22 - 27	32.0	1 sofa bed	4.75	170	Apartment	Tambon Hua Hin	Thailand	
The LOJI @ Patra Kuningan # 3	Jun 30 - Jul 5	24.0	2 beds	4.83	69	Room	Tebet	Indonesia	
Cozy Studio across Ayala Mall iT Park 1min walk	Jul 20 - 25	26.0	1 bed	4.78	235	Condo	Cebu City	Philippines	
B4: Sea Breeze Bungalow with Ensuite and AC	Jun 14 - 19	33.0	2 double beds	4.82	191	Bungalow	Ko Samui	Thailand	
Villa Arun, Sumberkima Hill	Aug 21 - 26	262.0	1 queen bed	4.88	57	Villa	Pemuteran	Indonesia	
DANNY’s HIGH VIEW STUDIO near District1 Ben Thanh!	Jun 3 - 8	44.0	1 queen bed	4.78	167	Apartment	Quận 4	Vietnam	
Premier Lux Studio Large Tv Free Netflix | City	Jun 1 - 8	62.0	2 king beds	4.9	166	Apartment	Kuala Lumpur	Malaysia	
BOHO CABIN, Hin Kong Beachfront, West Coast.	Jul 7 - 12	132.0	1 king bed	4.98	44	Cabin	Tambon Ko Pha-ngan	Thailand	
【R&F】Studio of Dual-Key Homely Getaway byⓗⓢ	Jun 4 - 9	44.0	2 queen beds	4.78	139	Condo	Johor Bahru	Malaysia	
Luxury Q Chidlom Condo, BTS ChitLom, Siam,	Jun 1 - 8	90.0	1 queen bed	4.79	61	Apartment	Bangkok	Thailand	
(A)Charming Pool Access One Bedroom Apartment	Jun 3 - 8	65.0	2 beds	4.82	68	Apartment	Tambon Kamala	Thailand	
Wake up to the Sea of Bali: Beachfront luxury plus	Oct 10 - 16	194.0	8 beds	5.0	139	Villa	Seririt	Indonesia	
#18 2022 Newest! Downtown Lux Fun Sea View Condo	Jun 1 - 6	63.0	1 queen bed	5.0	27	Apartment	Muang Pattaya	Thailand	
Enchanted River cabin w/private garden and kitchen	Aug 19 - 24	51.0	1 queen bed	4.85	127	Cabin	Lazi	Philippines	
Cozy City Condo at Horizons 101 [ W/ WIFI ].	Jun 5 - 10	26.0	2 beds	4.44	220	Condo	Cebu City	Philippines	
SUNSET SEAVIEW DELUXE PATONG - POOL+TERRACE	Jun 25 - 30	64.0	2 beds	4.8	159	Apartment	Tambon Patong	Thailand	
Cozy room 48.5 sq.m @The Astra near Night market	Jun 7 - 12	45.0	2 beds	4.89	190	Condo	Chiang Mai	Thailand	
B2733/Seaview/5mins to Jonker/Imperio/Studio/4pax	Jun 4 - 10	30.0	3 beds	4.71	230	Condo	Melaka	Malaysia	
Kanvas Soho / KLIA / FREE WIFI 500mbps	Jun 4 - 9	24.0	2 beds	4.8	410	Condo	Cyberjaya	Malaysia	
#Maritime*3*The Rhythm of the Sea @ 日出无敌全海景	Jun 30 - Jul 5	98.0	3 double beds	4.56	93	Loft	Jelutong	Malaysia	
Waterfront Traditional Thai Style Pool Villa (V7)	Jun 1 - 6	41.0	1 queen bed	4.71	82	Villa	Phuket	Thailand	
The LOJI @ Patra Kuningan # 3	Jun 30 - Jul 5	24.0	2 double beds	4.83	69	Room	Tebet	Indonesia	
Villa Arun, Sumberkima Hill	Aug 21 - 26	262.0	1 queen bed	4.88	57	Villa	Pemuteran	Indonesia	
DANNY’s HIGH VIEW STUDIO near District1 Ben Thanh!	Jun 3 - 8	44.0	1 queen bed	4.78	167	Apartment	Quận 4	Vietnam	
Comfy-Cozy-Cheap @ NAIA 3 near RW w/ NETFLIX	Jul 25 - 30	33.0	3 beds	4.86	692	Apartment	Pasay	Philippines	
[50mbps+NETFLIX] Your home in the heart of Manila	Jun 1 - 6	28.0	1 double bed	4.73	159	Condo	Manila	Philippines	
Comfy Room with Bathroom near MRT Phra Ram 9	Aug 14 - 19	30.0	1 king bed	4.99	72	Room	Khet Din Daeng	Thailand	
Endless Patong Ocean View from a Hilltop Condominium, Phuket	Jun 1 - 8	56.0	4 beds	4.95	252	Apartment	Patong	Thailand	
Spectacular Ocean View Villa in Uluwatu, Bali	Jun 14 - 19	673.0	2 beds	4.94	143	Villa	Uluwatu	Indonesia	
Exclusive Villa, for Couples Looking To Relax	Sep 4 - 9	149.0	2 king beds	4.85	62	Room	Kecamatan Ubud	Indonesia	
1 BR Phuket Modern Luxury Living	Jun 6 - 11	44.0	1 king bed	4.68	202	Apartment	Tambon Patong	Thailand	
*SETIA ALAM* Big Luxury Comfort Homestay #Trefoil	Jun 7 - 12	30.0	1 king bed	4.87	171	Apartment	Shah Alam	Malaysia	
Luxury Villa in Ubud	Jun 10 - 15	65.0	3 beds	4.91	54	Room	Ubud	Indonesia	
"S101 Beachfront Private Villa,
A Resort by the Sea"	Jun 4 - 9	49.0	2 queen beds	4.75	80	Resort	Langkawi	Malaysia	
Admire Deluxe Marble Walls at a Highrise Resort Home	Jun 2 - 7	85.0	2 beds	4.85	135	Apartment	Kuala Lumpur	Malaysia	
B1706/5 mins drive to Jonker/Imperio/Studio/4pax	Jun 1 - 7	29.0	1 bed	4.79	195	Condo	Melaka	Malaysia	
Odesa Villa1 Ubud close to center	Jun 11 - 16	29.0	1 bed	5.0	9	Room	Kecamatan Ubud	Indonesia	
Malay villa, Best views in Ubud!	Jun 8 - 13	167.0	1 bed	4.77	119	Hotel room	Ubud	Indonesia	
*Hidden Oasis Bangkok 1 | Near ICONSIAM	Jul 2 - 7	28.0	1 bed	4.86	166	Room	Khlong Ton Sai	Thailand	Khlong San
Directly on the beach-for animal lovers only	Jun 1 - 6	144.0	1 bed	5.0	27	Home	Tambon Bo Put	Thailand	
Maphrao in Kamala, accommodation on the beach	Jun 3 - 10	49.0	1 bed	4.89	37	Place to stay	Kamala	Thailand	
A Divers Home: beachfront room with sunset view	Jun 26 - Jul 2	34.0	1 bed	4.89	98	Room	El Nido	Philippines	
Forest Haven - Otium	May 1 - 6	224.0	1 queen bed	4.85	218	Tiny home	Millersburg		
WANDERLUST TREEHOUSE Book an experience!	May 1 - 6	402.0	1 queen bed	4.99	271	Treehouse	Crane Hill		
Architectural Masterpiece | Best View in Telluride	May 1 - 6	732.0	5 beds	4.97	76	Home	Telluride		
The Triangle: A-Frame Cabin for your city retreat	May 1 - 6	123.0	4 beds	4.91	515	Cabin	West Farmington		
Cozy Louise Cabin - Direct Cuyuna MTB Access/Sauna	May 1 - 6	225.0	2 queen beds	5.0	18	Cabin	Crosby		
A-frame cabin by the bay with kayak!	May 1 - 6	230.0	2 queen beds	4.88	128	Cabin	Hancock		
Peacock Tiny House near Las Vegas	May 1 - 6	155.0	2 beds	4.92	744	Tiny home	Sandy Valley		
Peach Log Cabin/Hot Tub/Romantic/Close to Town!	May 1 - 6	292.0	1 queen bed	4.97	244	Cabin	Fredericksburg		
Guest room available short stays	May 1 - 6	217.0	2 queen beds	5.0	4	Room	New York		
Tiny House Cozy Cabin by Zion, Grand Canyon, Bryce	May 1 - 6	188.0	4 beds	5.0	611	Cabin	Fredonia		
Nature’s Nook- A Modern Treehouse Near Wineries	May 1 - 6	336.0	3 beds	4.94	163	Treehouse	Dahlonega		
Conestoga Wagon on Dude Ranch NEAR LAS VEGAS	May 1 - 6	147.0	1 bed	4.86	196	Farm stay	Sandy Valley		
The Forestry House - A modern luxury treehouse.	May 1 - 6	305.0	1 queen bed	0.0	0	Treehouse	Travelers Rest		
Crystal Peak Lookout 🌲	May 5 - 10	230.0	3 beds	4.88	470	Treehouse	Fernwood		
Heartwood Cabin at Mt. Rainier	May 1 - 6	354.0	3 beds	4.98	246	Cabin	Packwood		
Modern Nashville Home in the Woods	May 5 - 10	278.0	1 king bed	4.99	290	Cabin	Nashville		
The Leaf Treehouse	May 1 - 6	641.0	2 beds	4.99	339	Treehouse	Fredericksburg		
Secluded View! A-Frame Hot Tub and Fire Pit	May 1 - 6	361.0	2 beds	4.95	20	Cabin	Bryson City		
Lakefront A-Frame Cabin on Table Rock Lake	May 1 - 6	129.0	2 beds	4.86	22	Cabin	Branson		
The Cargill-Earl Guesthouse at Erik's Ranch	May 1 - 6	426.0	3 beds	4.88	323	Home	Livingston		
Taos Mesa Studio Earthship	May 1 - 6	194.0	1 queen bed	4.91	781	Home	Taos		
A- Frame Cabin	May 1 - 6	273.0	2 queen beds	5.0	168	Place to stay	Shippensburg		
Diamond Desert Escape	May 3 - 8	384.0	5 beds	4.97	34	Home	Scottsdale		
Calowahcan Cabin *NEW hot tub*	May 1 - 6	213.0	3 queen beds	5.0	401	Cabin	Ronan		
Cozy Bow House Perched in Trees w/ Hot Tub & View	May 1 - 6	244.0	5 beds	4.95	344	Home	Fairlee		
Cherry Blossom Yurt on Lookout Mountain	May 1 - 6	157.0	1 king bed	4.97	666	Yurt	Rising Fawn		
Storybook A-Frame Cabin in the Woods Close to Downtown Boone	May 1 - 6	218.0	2 queen beds	4.99	372	Cabin	Boone		
The Cabin at Maple View - Accepting Reservations	May 1 - 6	123.0	2 beds	4.99	599	Cabin	Urbana		
Romantic Cabin - 9 miles to Glacier National Park	May 1 - 6	171.0	2 beds	4.91	237	Cabin	Martin City		
Enjoy the Heated Pool at a Beautifully Designed Getaway	May 1 - 6	213.0	1 king bed	4.96	853	Home	Austin		
10-Acre Yellowstone Cabin w/Stunning Mtn View	May 1 - 6	222.0	4 beds	4.93	101	Cabin	Livingston		
The Big Blue, 1 BR+Den!	May 1 - 6	597.0	2 beds	4.79	539	Condo	Avalon		
Moab Glamping Luxury Tent for 2	May 1 - 6	254.0	1 queen bed	4.92	279	Tent	Moab		
Villa Loggia! 5min walk to Prvt Beach/pool/SmartTV	May 6 - 11	417.0	6 beds	4.94	34	Home	Destin		
Scenic, Serene Lakefront Cabin — Wood Stove	May 1 - 6	149.0	3 beds	4.99	72	Cabin	Crivitz		
The Stillwater at Stoner Creek Cabins	May 1 - 6	178.0	1 bed	5.0	211	Tiny home	Lakeside		
A little piece of heaven...	May 1 - 6	950.0	4 beds	4.88	180	Home	Half Moon Bay		
Romantic Cabin - 9 miles to Glacier National Park	May 1 - 6	171.0	2 beds	4.91	237	Cabin	Martin City		
Enjoy the Heated Pool at a Beautifully Designed Getaway	May 1 - 6	213.0	1 king bed	4.96	853	Home	Austin		
The Big Blue, 1 BR+Den!	May 1 - 6	597.0	2 beds	4.79	539	Condo	Avalon		
Beautiful pool home near strip	May 1 - 6	252.0	3 beds	5.0	15	Home	Henderson		
Moab Glamping Luxury Tent for 2	May 1 - 6	254.0	1 queen bed	4.92	279	Tent	Moab		
Villa Loggia! 5min walk to Prvt Beach/pool/SmartTV	May 6 - 11	417.0	6 beds	4.94	34	Home	Destin		
The Stillwater at Stoner Creek Cabins	May 1 - 6	178.0	1 bed	5.0	211	Tiny home	Lakeside		
Totally Beachin - Condo with Stunning Ocean Views	May 1 - 6	287.0	6 beds	4.69	75	Condo	Orange Beach		
Moonlit Chalet	May 1 - 6	175.0	2 beds	4.87	173	Cabin	Clyde		
Atlantic Coast Dome Home Across from Sound w/ View	May 19 - 24	244.0	2 beds	4.96	47	Home	Wilmington		
Welcome to our Modern Cape Escape with Heated Pool	May 1 - 6	233.0	5 beds	4.96	28	Home	Cape Coral		
The 'Easy A' Cabin in Rocky Point	May 1 - 6	202.0	3 beds	4.82	82	Vacation home	Klamath Falls		
Luxury One Bedroom Condo with private balcony	May 1 - 6	123.0	3 beds	4.9	106	Condo	Daytona Beach		
"""Swan Ocean"" Beach House on Vilano Beach"	May 1 - 6	955.0	6 beds	4.88	60	Home	St. Augustine		
Coastal Waters 214-2nd floor ocean view condo	May 1 - 6	168.0	2 beds	4.47	43	Condo	New Smyrna Beach		
Lake House Minutes to Downtown Mt. Dora and Eustis	May 1 - 6	173.0	2 beds	4.99	179	Home	Eustis		
Circle J Bed & Breakfast	May 1 - 6	92.0	2 beds	4.97	528	Tiny home	White Pigeon		
Hillside Cripple Creek Cabin w/Hot Tub, Mtn Views!	May 1 - 6	196.0	3 beds	4.93	72	Cabin	Cripple Creek		
Basic Cabin #1 - Sleeps 4 - OK-C1	May 6 - 11	125.0	3 beds	4.86	233	Cabin	Moab		
ONLY 1.5 Miles from the Creation Museum!	May 1 - 6	124.0	4 beds	4.89	170	Home	Petersburg		
Blue Oasis | King Bed | Feel Far, Be Close Dogs ok	May 1 - 6	155.0	2 beds	4.94	258	Home	Twentynine Palms		
Garden Gate Getaway	May 1 - 6	53.0	2 beds	4.88	110	Room	McKinney		
"Taos Skybox ""Stargazer"" High Desert Retreat"	May 1 - 6	184.0	1 bed	4.93	61	Home	El Prado		
"The best in tiny living!
TreehouseTopia"	May 1 - 6	229.0	2 queen beds	4.87	193	Treehouse	Sevierville		
*Unique Pyramid Home for an amazing vacation	May 1 - 6	231.0	1 queen bed	4.93	165	Home	Fort Myers		
Private Modern Guesthouse near Mulholland Drive	May 1 - 6	151.0	2 beds	4.93	555	Cottage	Los Angeles		
Water side Cozy cabin	May 1 - 6	98.0	4 beds	4.91	318	Home	Summertown		
NEW! One-of-a-Kind Luxury Cabin w/Hot Tub	May 1 - 6	358.0	1 queen bed	5.0	49	Cabin	Florissant		
Hilltop cabin retreat with lake & mountain views	May 1 - 6	188.0	5 beds	4.93	551	Guesthouse	Escondido		
Brand New 3 beds at Solara Resort	May 1 - 6	155.0	2 beds	4.83	12	Townhouse	Kissimmee		
New lux cabin w/mount index view	May 1 - 6	276.0	1 bed	4.86	7	Cabin	Gold Bar		
Redwood Treehouse Santa Cruz Mtns.	May 5 - 10	190.0	2 beds	4.89	932	Treehouse	Watsonville		
Mickey Mouse Themed Getaway next to Disney 1	May 1 - 6	115.0	4 beds	4.84	295	Condo	Kissimmee		
Crystal Lake House	May 1 - 6	155.0	4 beds	5.0	9	Home	Ellington		
The Orlando Retreat.	May 1 - 6	230.0	4 beds	4.95	78	Home	Orlando		
The Alpaca (A Lone Juniper Ranch Cabin)	May 1 - 6	124.0	2 queen beds	4.92	381	Farm stay	Lebec		
Cozy Cabin on Sunday River ~	May 1 - 6	202.0	2 beds	4.93	41	Cabin	Newry		
*BRAND NEW* Tiny Village Retreat	May 1 - 6	90.0	2 beds	5.0	86	Tiny home	Greer		
Cliffside Romantic Retreat LOVE	May 1 - 6	321.0	1 king bed	5.0	25	Cabin	Pine Ridge		
Modern Cabin Tiny Retreat	May 1 - 6	90.0	3 beds	4.98	558	Tiny home	Greer		
Peaceful Log Cabin in the Woods	May 3 - 8	122.0	2 double beds	4.99	497	Cabin	Groton		
Cozy Creek Cabin-couples retreat nestled in woods	May 1 - 6	184.0	1 king bed	4.98	208	Cabin	Ellijay		
Cozy Studio close to Universal	May 1 - 6	82.0	2 beds	4.2	148	Apartment	Orlando		
Beaver Bungalow - Long Range Mountain Views	May 1 - 6	163.0	2 beds	4.96	77	Cabin	Blue Ridge		
Sea Squirrel, Beach views in Crystal Beach	May 1 - 6	246.0	1 bed	4.78	9	Condo	Destin		
Out of Bounds: Tiny Cabin amongst acres of trees	May 1 - 6	170.0	2 queen beds	4.95	277	Tiny home	Hillsboro		
Newly remodeled! Condo in Center of All The Action	May 1 - 6	100.0	2 beds	4.49	372	Apartment	Orlando		
Canyon Hideout Bungalow	May 1 - 6	179.0	1 queen bed	5.0	341	Tiny home	Cortez		
Peaceful, authentic, rustic log cabin in the woods	May 4 - 9	132.0	2 beds	4.98	106	Place to stay	Wapwallopen		
Idyllic Cottage Retreat	May 1 - 6	188.0	2 beds	4.86	14	Cottage	Crozet		
Cabin Kisa	May 1 - 6	106.0	1 bed	5.0	7	Cabin	Leicester		
Mountain Dream gorgeous view with hot tub	May 1 - 6	190.0	2 queen beds	4.96	591	Cabin	Robbinsville		
Special Offer Storey Lake 2Bedr 2Bath Free Waterpark BE307	May 1 - 6	134.0	4 beds	4.79	73	Apartment	Kissimmee		
Cabin Kisa	May 1 - 6	106.0	1 bed	5.0	7	Cabin	Leicester		
Mountain Dream gorgeous view with hot tub	May 1 - 6	190.0	2 queen beds	4.96	591	Cabin	Robbinsville		
Special Offer Storey Lake 2Bedr 2Bath Free Waterpark BE307	May 1 - 6	134.0	4 beds	4.79	73	Apartment	Kissimmee		
Creekside Cabin at Shady Grove Farm	May 1 - 6	90.0	2 beds	4.97	476	Cabin	Lancing		
Vegas Villa-Heated Pool, Indoor Jacuzzi, Billiards	May 1 - 6	668.0	9 beds	4.93	27	Villa	Las Vegas		
Modern Retreat with King Bed-Heated Pool-and Grill	May 1 - 6	494.0	6 beds	5.0	33	Villa	Miramar		
Venice Canals Sanctuary	May 1 - 6	374.0	2 beds	4.93	107	Apartment	Santa Monica		
Sugar Bear Hollow	May 1 - 6	219.0	3 beds	4.96	91	Cabin	Sevierville		
Studio B	May 1 - 6	111.0	2 queen beds	4.95	819	Guesthouse	Phoenix		
Rock Reign Ranch	May 1 - 6	132.0	1 queen bed	4.92	12	Tiny home	Desert Hot Springs		
Sedona Sunset Jewel, Amazing Views, Pool	May 1 - 6	209.0	1 king bed	5.0	516	Guest suite	Sedona		
10 mins to Disney-Hot tub-Queen Puffy Lux bed	May 2 - 7	213.0	3 beds	4.82	74	Condo	Kissimmee		
Largest 1 Bed 2 bath in Amelia Surf & Racquet Club	May 1 - 6	306.0	2 beds	0.0	0	Apartment	Fernandina Beach		
300 STEPS TO THE BEACH-BEST 1 BEDROOM DEAL IN TOWN	May 1 - 6	169.0	2 beds	4.68	57	Condo	Panama City Beach		
Private room(s) in a Renovated Manhattan Townhouse	May 1 - 6	259.0	2 beds	4.94	16	Room	New York		
Luxurious brickell apartment 38thfloor ocean view	May 1 - 6	239.0	2 beds	4.69	51	Condo	Miami		
Lakeview Loft-Vintage Chicago, Modern Amenities	May 1 - 6	126.0	3 beds	4.96	343	Loft	Chicago		
JU Super Duper Tiny House, 15 minutes to Disney	May 1 - 6	98.0	3 beds	4.95	400	Cottage	Kissimmee		
Excellent suite to enjoy near Disney.	May 1 - 6	90.0	2 beds	4.71	241	Apartment	Orlando		
300 STEPS TO THE BEACH-BEST 1 BEDROOM DEAL IN TOWN	May 1 - 6	169.0	2 beds	4.68	57	Condo	Panama City Beach		
Private room(s) in a Renovated Manhattan Townhouse	May 1 - 6	259.0	2 beds	4.94	16	Room	New York		
Luxurious brickell apartment 38thfloor ocean view	May 1 - 6	239.0	2 beds	4.69	51	Condo	Miami		
Lakeview Loft-Vintage Chicago, Modern Amenities	May 1 - 6	126.0	3 beds	4.96	343	Loft	Chicago		
JU Super Duper Tiny House, 15 minutes to Disney	May 1 - 6	98.0	4 beds	4.95	400	Cottage	Kissimmee		
On Juniper Lake w/Boat Dock Near 30A!	May 1 - 6	113.0	4 beds	4.79	19	Home	DeFuniak Springs		
Ocean Front Resort - King bed	May 1 - 6	184.0	1 queen bed	4.93	304	Condo	Hilton Head Island		
Cozy riverside/rain forest cabin ~ Bogie Bungalow	May 3 - 8	143.0	2 queen beds	4.96	949	Cabin	Forks		
Ft Walton cozy condo w/ on-site pool. Near beaches	May 1 - 6	145.0	3 beds	4.73	249	Condo	Fort Walton Beach		
Private Bay area home !	May 1 - 6	117.0	3 beds	4.67	3	Apartment	Sarasota		
Altitude Adjustment	May 10 - 15	208.0	4 beds	4.98	161	Cabin	Kanab		
Private Room in Elegant French Gothic Home	May 1 - 6	114.0	2 queen beds	4.87	843	Room	Los Angeles		
Stuart Manor Bed and Breakfast	May 1 - 6	223.0	2 beds	5.0	26	Room	Carlisle		
The Beach Couldn't Be Any Closer!	May 1 - 6	260.0	6 beds	4.9	145	Condo	Pensacola		
Point Richmond Top Floor Studio with Bay views	May 1 - 6	153.0	6 beds	4.95	128	Apartment	Richmond		
Cottage by the Sea	May 1 - 6	138.0	6 beds	4.92	554	Guest suite	Trinidad		
House by the Mouse: Something for Everyone!	May 19 - 24	250.0	6 beds	4.89	157	Home	Kissimmee		
King Suite/Sky Lounge/Luxurious Experience.	May 1 - 6	108.0	2 beds	4.85	55	Apartment	Houston		
Few days left in May	May 1 - 6	286.0	1 king bed	4.98	263	Cabin	Sevierville		
Cozy Private Mountain Cabin on 1,000 acre property	May 1 - 6	186.0	4 beds	4.96	78	Cabin	Fountain Green		
Lovely Private Room-Manhattan, 70s-Upper East Side	May 1 - 6	199.0	1 bed	4.93	30	Room	New York		
1 BD PRIVATE HOUSEBOAT/ COTTAGE TARPON	May 1 - 6	229.0	3 beds	4.85	74	Cottage	Islamorada		
Sugar Babe Beach Retreat with Hot Tub!	May 1 - 6	160.0	2 queen beds	4.95	328	Home	Michigan City		
Modern room in boutique hotel near amusement parks	May 1 - 6	64.0	2 beds	4.81	54	Hotel	Kissimmee		
Kayaks adventure, Dock, Pool, WiFi Courtyard view.	May 1 - 6	112.0	2 beds	4.72	94	Condo	Mary Esther		
Historic Venice Apt 1/2 blocks to beach+parking	May 1 - 6	222.0	2 beds	4.94	431	Apartment	Los Angeles		
A charmer!Great spot near downtown.	May 1 - 6	81.0	3 beds	4.97	990	Guesthouse	Greensboro		
Beachfront Apartment	May 1 - 6	170.0	1 queen bed	4.43	23	Apartment	Hallandale Beach		
Beach Front Condo In Casa Del Mar	May 1 - 6	122.0	2 beds	4.72	389	Apartment	Galveston		
The Cooper Cottage | Guesthouse	May 1 - 6	91.0	4 beds	5.0	5	Guesthouse	Carrollton		
Tillie Creek Retreat: a Creekside Oasis	May 1 - 6	145.0	3 beds	4.85	312	Cabin	Wofford Heights		
New* Desert Moon* HeartofPhoenix	May 1 - 6	112.0	3 queen beds	4.78	9	Home	Phoenix		
Private Mackinaw City Beach Cottage ~ Bridge view	May 23 - 28	355.0	1 queen bed	4.91	68	Cottage	Mackinaw City		
Room With The Views	May 1 - 6	127.0	3 beds	4.99	402	Guest suite	Cave Creek		
Venice Getaway	May 1 - 6	159.0	3 beds	5.0	30	Home	Venice		
Reems Creek Mountain Cabin	May 9 - 14	237.0	2 queen beds	5.0	222	Cabin	Weaverville		
Venice Getaway	May 1 - 6	159.0	3 beds	5.0	30	Home	Venice		
Beachfront~Amazing Views~Walkable to Walmart/Shops	May 1 - 7	184.0	4 beds	4.96	26	Condo	Panama City Beach		
Lovely 1 bed condo with pool/wifi free parking	May 1 - 6	149.0	2 beds	4.92	51	Condo	Miami		
The Lost Coast Tower, Petrolia	May 1 - 6	225.0	1 double bed	4.92	214	Cabin	Petrolia		
THE SMALL ENGLISH MANOR NESTLED AMONGST THE TREES	May 1 - 6	276.0	2 beds	4.89	420	Apartment	New York		
Private Loft In the Hollywood Hills (by Universal)	May 1 - 6	132.0	1 queen bed	4.87	981	Guesthouse	Los Angeles		
Location, location, location!	May 1 - 6	260.0	2 beds	5.0	19	Apartment	New York		
Ravinia Bungalow	May 1 - 6	105.0	1 double bed	4.96	701	Guesthouse	Dallas		
Egret ~ Beachfront Cottage (pet-Friendly)	May 4 - 9	248.0	2 beds	4.93	43	Home	Holden Beach		
Storybook Beach Cottage Twin Rocks	May 1 - 6	144.0	4 beds	4.88	259	Cottage	Rockaway Beach		
On the Beach; Siesta Key SunBum Studio	May 6 - 11	379.0	2 beds	4.96	218	Condo	Siesta Key		
Laguna Beach Charming Unit- Location/Value	May 1 - 6	385.0	3 beds	4.96	384	Apartment	Laguna Beach		
Windsor At Westside Avenger Newest PS5 Game room	May 11 - 16	209.0	13 beds	4.92	12	Villa	Kissimmee		
Central House w/ Pool & Hot Tub	May 1 - 6	142.0	2 beds	4.88	140	Home	Tucson		
Direct Ocean View from the Balcony	May 1 - 6	219.0	2 queen beds	4.83	639	Apartment	Fort Lauderdale		
Terlingua Mining Ruin - Lofthouse	May 1 - 6	194.0	1 double bed	4.97	575	Home	Terlingua		
Designer Upper East side apartment Two entrances.	May 1 - 6	242.0	1 queen bed	4.99	84	Apartment	New York		
Waterfront Sea Cottage	May 1 - 6	82.0	1 queen bed	4.8	276	Guesthouse	Naples		
Relaxing Bungalow Steps from the Ocean	May 1 - 6	102.0	2 queen beds	4.86	364	Bungalow	New Smyrna Beach		
Modern Great Villa near Disney & Parks	May 1 - 6	103.0	3 beds	4.87	148	Apartment	Kissimmee		
Cozy Private Cottage 5 miles from Disney!	May 1 - 6	100.0	1 queen bed	4.92	123	Cottage	Kissimmee		
Private Studio+Bath+Balcony, 15 mins to Manhattan	May 1 - 6	144.0	1 sofa bed	4.96	269	Room	Brooklyn		
Large Master Bedroom w Hollywood sign VIEWS	May 1 - 6	133.0	5 beds	4.9	325	Room	Los Angeles		
Echo Park Retreat with Views	May 1 - 6	116.0	4 double beds	4.94	580	Guest suite	Los Angeles		
Beachfront Oasis	May 6 - 11	798.0	3 beds	4.99	111	Home	Huntington Beach		
The Enchanted Cottage at Easy Manor	May 1 - 6	115.0	4 beds	4.96	170	Guesthouse	Colorado Springs		
☀Sunrise Cabin☀ Balcony Mtn Views┃Grill┃Firepit	May 11 - 16	113.0	3 beds	4.98	114	Cabin	Hartsel		
Cactus House - private home with pool in Phoenix	May 1 - 8	277.0	3 beds	4.99	114	Home	Phoenix		
Beautiful Beachfront condo! 2 Bdrm, 2 Bath	May 1 - 6	300.0	1 bed	4.9	104	Condo	Fort Walton Beach		
"""Vacation-Sanctuary / Gateway to Napa """	May 1 - 6	114.0	1 king bed	4.97	887	Room	Fairfield		
Elevation Celebration	May 1 - 6	225.0	3 queen beds	4.97	95	Cabin	Kanab		
Waterfront Studio Apartment with FREE Parking	May 1 - 6	160.0	2 beds	4.63	16	Apartment	North Bay Village		
Betty's Beach Bungalow-Pet Friendly! STR21-1232	May 1 - 6	171.0	2 beds	4.97	478	Home	Dana Point		
Casual Colorful Venice House near Canals,Beach &Abbot Kinney	May 1 - 6	323.0	2 beds	4.95	398	Home	Los Angeles		
Beachfront Penthouse studio w/ pool on Miami Beach	May 1 - 8	181.0	2 beds	4.85	139	Condo	Miami Beach		
Geodesic Earth Dome	May 1 - 6	91.0	2 beds	4.9	953	Dome	El Prado		
7-bedroom vacation home near Disney with pool/spa	May 1 - 6	222.0	10 beds	4.83	174	Home	Kissimmee		
Beautiful 4BR Townhouse/Townhome close to Disney	May 1 - 7	132.0	5 beds	4.83	109	Townhouse	Kissimmee		
Waterfront condo on top floor @ Boca Ciega Resort	May 1 - 6	143.0	2 beds	4.87	360	Condo	Saint Petersburg		
Scenic Gulf view! Steps to private beach entry!	May 1 - 6	305.0	3 beds	5.0	41	Townhouse	Destin		
Amelia Island, 2 bedroom beach front condo	May 1 - 6	327.0	2 beds	4.92	147	Condo	Fernandina Beach		
Fishing, Quiet & Wifi - 10 acres - Country Getaway	May 1 - 6	117.0	2 queen beds	4.98	51	Home	Smithville		
Cozy guest studio with private deck	May 1 - 6	101.0	1 queen bed	4.9	655	Guesthouse	San Diego		
Fabulous Cottage at the Beach	May 1 - 6	253.0	3 beds	4.94	215	Cottage	San Diego		
Beautiful ocean front condo Panama City Beach	May 1 - 6	143.0	1 king bed	4.78	99	Resort	Panama City Beach		
A view, a pool, and, private cabana sleeps five	May 1 - 6	165.0	4 beds	4.8	260	Guesthouse	Rolling Hills		
The T and C Club	May 1 - 6	247.0	6 beds	4.97	90	Home	Tampa		
Oceanfront Apartment - Cocoa Beach	May 1 - 6	176.0	2 beds	4.89	53	Condo	Cocoa Beach		
Jr.Suite at Ocean Residences on the Beach	May 1 - 6	260.0	1 sofa bed	4.9	242	Apartment	Fort Lauderdale		
Charming Cottage at the Beach	May 11 - 16	253.0	3 beds	4.91	550	Cottage	San Diego		
PERFECT VIEW!! Waterfront, Marina, and 2 Pools!	May 4 - 9	99.0	2 queen beds	4.98	125	Condo	Fort Walton Beach		
Breath-taking Strip View on 33rd Flr Luxury Resort	May 1 - 6	118.0	2 beds	4.73	318	Condo	Las Vegas		
Downtown Suite -Pool/Wi-Fi/ SkyView!	May 1 - 6	113.0	2 beds	4.84	144	Apartment	Houston		
Cañon Getaway- Cabin inspired home	May 1 - 6	112.0	2 beds	4.97	460	Guest suite	Colorado Springs		
Fox Farms Little House	May 1 - 6	107.0	2 beds	4.97	430	Home	Waxhaw		
Retro 1BR Apt #3 | Steps from the Water + Parking!	May 1 - 6	106.0	2 beds	4.88	136	Apartment	Miami		
North Capitol Hill Luxury Townhome in Perfect Location	May 1 - 6	135.0	1 queen bed	4.81	538	Townhouse	Washington		
Sunset Suite @ The Vanderbilt | Boutique~BnB	May 1 - 6	224.0	2 beds	4.96	117	Room	Naples		
#3 Foggy Bottom/Georgetown Apartment	May 7 - 12	209.0	1 queen bed	4.82	473	Apartment	Washington		
Direct Waterfront.Keyless entry.Dolphin watch.	May 1 - 6	220.0	2 beds	4.97	279	Condo	Tybee Island		
Tropicana Suite-Grand Manor Luxury Mansion Loft	May 1 - 6	104.0	2 beds	4.86	494	Room	Galveston		
Retro Retreat by the Bay	May 1 - 6	136.0	4 beds	4.9	201	Home	Netarts		
Ocean Drive Beach Front Studio	May 1 - 6	153.0	3 beds	4.56	418	Apartment	Miami Beach		
Coastal Cape Home w/Heated Pool-Sleeps 6	May 1 - 6	125.0	1 queen bed	4.85	75	Home	Cape Coral		
Local Sedona Humble Home	May 1 - 6	236.0	3 beds	4.91	107	Home	Sedona		
Hollywood paradise studio in house,owned entrance	May 1 - 6	103.0	2 beds	4.89	367	Home	Los Angeles		
Luxe guest suite-perfect Staycation Pool & Parking	May 1 - 6	101.0	4 beds	4.91	651	Room	Miami		
Casa Del Mar Spectacular Ocean Views!	May 1 - 6	434.0	3 beds	4.97	148	Home	The Sea Ranch		
Cozy Garden Apartment	May 1 - 6	117.0	3 beds	4.93	287	Apartment	Brooklyn		
Classic Cape Cod Cottage	May 1 - 6	143.0	3 beds	4.92	172	Cottage	Eastham		
Modern 3 bds house with pool in Las Vegas	May 1 - 7	313.0	3 beds	5.0	10	Home	Las Vegas		
Gecko House Unit #1	May 1 - 6	88.0	1 king bed	4.88	113	Home	Gulfport		
LOVELY OCEAN VIEW 1BD/1.5TH APT HIGH FLOOR|PARKING	May 4 - 9	148.0	2 beds	4.85	47	Apartment	Sunny Isles Beach		
spacious chelsea room	May 1 - 6	106.0	3 beds	4.9	127	Room	New York		
Tropical Garden Studio Cottage (2 miles to beach)	May 1 - 6	119.0	1 queen bed	4.97	231	Guest suite	Naples		
Cozy Portland Studio Apartment	May 1 - 6	104.0	2 beds	4.98	745	Guesthouse	Portland		
Direct beautiful beach and ocean view	May 1 - 6	173.0	3 beds	4.93	124	Apartment	Pompano Beach		
Beach paradise. Just minutes to restaurants shops.	May 1 - 6	320.0	4 beds	4.89	54	Condo	Hollywood		
Spacious Heated Pool home with pool/pingpong table	May 1 - 6	212.0	2 beds	4.93	138	Home	Palm Coast		
The Strand Oceanview Studio - Dog Friendly!	May 1 - 6	121.0	6 beds	4.85	392	Guesthouse	Rockaway Beach		
Enjoy the most beautiful sunsets by the *pool	May 1 - 6	113.0	1 queen bed	4.93	42	Home	Lehigh Acres		
Private romantic 1 br in Carmel Woods- love dogs	May 1 - 6	149.0	2 beds	4.86	743	Apartment	Carmel-by-the-Sea		
SUNNY ISLES GORGEOUS Apart 2210!! (+hotel fees)	May 1 - 6	191.0	3 beds	4.91	130	Condo	Sunny Isles Beach		
Point Reyes Unique Creekside Home with Hot Tub	May 1 - 6	271.0	2 beds	4.89	601	Cabin	Point Reyes Station		
Perfect Cottage with Amazing Creek & Harbor Views & Location	May 1 - 6	321.0	7 beds	4.99	298	Cottage	Mount Pleasant		
Eiko Beach House 4BR/3BA Heatd Pool*Hot Tub* Pets	May 8 - 15	722.0	2 beds	4.79	108	Home	Treasure Island		
New: Cozy 1BR Beach Condo on Siesta Key!!!	May 1 - 6	157.0	5 beds	4.82	148	Condo	Siesta Key		
Across the street from Disney/Pool/Free Parking	May 1 - 6	342.0	3 beds	4.99	76	Condo	Anaheim		
BEAUTIFULL CONDO IN THE HEART OF SUNNY ISLES.	May 1 - 6	151.0	3 beds	4.57	225	Condo	Sunny Isles Beach		
BEAUTIFULL CONDO IN THE HEART OF SUNNY ISLES.	May 1 - 6	151.0	3 beds	4.57	225	Condo	Sunny Isles Beach		
Spacious Studio - 1 minute walk to the beach!	May 1 - 6	115.0	1 bed	5.0	23	Condo	Pompano Beach		
Authentic Luxury Designed Loft	May 1 - 6	178.0	3 beds	4.88	253	Loft	Brooklyn		
Hollywood Sunset Strip Private Executive Hideaway	May 13 - 18	272.0	2 king beds	5.0	99	Home	Los Angeles		
Location Location Location 1 bdrm 0.5 mi of Strip	May 1 - 6	124.0	2 beds	4.7	242	Condo	Las Vegas		
Trump Tower High Floor Strip View	May 1 - 6	181.0	2 beds	4.87	464	Apartment	Las Vegas		
Dolphin Bay, Apartment 202	May 1 - 6	140.0	2 beds	4.84	285	Condo	Cocoa Beach		
Oceanfront, rustic cottage	May 1 - 6	339.0	1 bed	4.88	465	Home	St. Augustine		
Enjoy Sunsets at Fully Equipped 2BR Condo on Beach	May 1 - 6	215.0	3 beds	4.93	14	Condo	Pensacola Beach		
Oceanfront Belmont Shore Coastal Luxe	May 1 - 6	174.0	2 beds	4.98	125	Condo	Long Beach		
Spectacular beach to bay views from this resort.	May 1 - 6	218.0	1 bed	4.67	148	Condo	Treasure Island		
Directly on Longboat Key Beach - Kid Friendly/SRQ1	May 1 - 6	196.0	2 beds	4.89	415	Condo	Longboat Key		
The Garden Suite at the Historic Chateau Bleu	May 1 - 6	141.0	1 king bed	4.85	82	Guest suite	Lake Worth		
Private Room in Orlando/Kissimmee (2Twins) T1	May 1 - 6	43.0	1 king bed	4.9	300	Room	Kissimmee		
Casa Alexander	May 1 - 6	73.0	5 beds	4.92	282	Guesthouse	San Antonio		
BEACH FRONT Unit w/ Pool Sandy Toe's # 5	May 7 - 12	233.0	4 beds	4.96	318	Apartment	Englewood		
Across the Street from Beach Getaway/Near Convention Center	May 1 - 6	106.0	4 beds	4.85	97	Room	Long Beach		
